block_time,fee_schedule,fee_schedule_label,cohort,cohort_label,n,mean,std,median_delta_lvr,median_delta_lvr_x1e3,p2_5,p25,p75,p97_5,source
2,static,Static,active,Active LPs,499950,0.0316532258065566,0.2252694237978935,4.958479573424768e-05,0.04958479573424768,-0.0353302103341635,-1.8077095376156647e-09,0.0115266960699852,0.3137764132204966,/home/danieledinosse/repositories/ABM_Uni_v3/paper/tables/run_paper_figures_blocksize_sources/model2_static/lvr_vs_blocksize/static_flow_model2_static_runs50_B2to16_seed10_step1_6/dLVR_summary.csv
2,static,Static,passive,Passive LPs,499950,0.001749195621423,0.0556835992691825,4.006474645224764e-06,0.0040064746452247646,-0.0030096083519884,-5.684341886080803e-14,0.0008406304772856,0.0188885936654051,/home/danieledinosse/repositories/ABM_Uni_v3/paper/tables/run_paper_figures_blocksize_sources/model2_static/lvr_vs_blocksize/static_flow_model2_static_runs50_B2to16_seed10_step1_6/dLVR_summary.csv
2,static,Static,jiter,Jiter,1,-0.024553977914341,0.0,-0.024553977914341,-24.553977914341,-0.024553977914341,-0.024553977914341,-0.024553977914341,-0.024553977914341,/home/danieledinosse/repositories/ABM_Uni_v3/paper/tables/run_paper_figures_blocksize_sources/model2_static/lvr_vs_blocksize/static_flow_model2_static_runs50_B2to16_seed10_step1_6/dLVR_summary.csv
2,toxicity,Toxicity,active,Active LPs,499950,0.0329996088707429,0.1671089507577303,9.947598300641405e-14,9.947598300641405e-11,-0.0204503448598376,-2.444267011014745e-12,0.0166935287242452,0.287848241823346,/home/danieledinosse/repositories/ABM_Uni_v3/paper/tables/run_paper_figures_blocksize_sources/model2_tox/lvr_vs_blocksize/toxicity_flow_model2_tox_runs50_B2to16_seed10_step1_2/dLVR_summary.csv
2,toxicity,Toxicity,passive,Passive LPs,499950,0.0017304434828329,0.026770312981178,5.684341886080803e-14,5.684341886080803e-11,-0.0016050255607953,-4.263256414560601e-14,0.0012685580726132,0.0155921859601925,/home/danieledinosse/repositories/ABM_Uni_v3/paper/tables/run_paper_figures_blocksize_sources/model2_tox/lvr_vs_blocksize/toxicity_flow_model2_tox_runs50_B2to16_seed10_step1_2/dLVR_summary.csv
2,toxicity,Toxicity,jiter,Jiter,24718,-0.0056083152797154,0.1744427719418209,0.0014198541886822,1.4198541886822,-0.2957268442619807,-0.0159176169350306,0.0193835192360225,0.2238038747096855,/home/danieledinosse/repositories/ABM_Uni_v3/paper/tables/run_paper_figures_blocksize_sources/model2_tox/lvr_vs_blocksize/toxicity_flow_model2_tox_runs50_B2to16_seed10_step1_2/dLVR_summary.csv
2,volatility_cex,Volatility (CEX),active,Active LPs,499950,0.0322849391702633,0.1764747772779774,1.7053025658242404e-13,1.7053025658242404e-10,-0.0211473812707244,-9.36140054363932e-12,0.0152159248537086,0.2844262901144885,/home/danieledinosse/repositories/ABM_Uni_v3/paper/tables/run_paper_figures_blocksize_sources/model2_vol_cex/lvr_vs_blocksize/volatility_cex_flow_model2_vol_cex_runs50_B2to16_seed10_step1_2/dLVR_summary.csv
2,volatility_cex,Volatility (CEX),passive,Passive LPs,499950,0.0017157874446577,0.0363658560610077,8.526512829121202e-14,8.526512829121202e-11,-0.0017494042048889,-4.263256414560601e-14,0.0010896850666382,0.0155792133591675,/home/danieledinosse/repositories/ABM_Uni_v3/paper/tables/run_paper_figures_blocksize_sources/model2_vol_cex/lvr_vs_blocksize/volatility_cex_flow_model2_vol_cex_runs50_B2to16_seed10_step1_2/dLVR_summary.csv
2,volatility_cex,Volatility (CEX),jiter,Jiter,10132,-0.0160109961945741,0.1567102047736596,-0.0003360035906937,-0.3360035906937,-0.2646234959319897,-0.0163956389075829,0.0072488836143502,0.132275676404778,/home/danieledinosse/repositories/ABM_Uni_v3/paper/tables/run_paper_figures_blocksize_sources/model2_vol_cex/lvr_vs_blocksize/volatility_cex_flow_model2_vol_cex_runs50_B2to16_seed10_step1_2/dLVR_summary.csv
2,volatility_dex,Volatility (DEX),active,Active LPs,499950,0.0320062345516246,0.2064175254887719,9.947598300641405e-14,9.947598300641405e-11,-0.0265857350703468,-2.3682780181388807e-09,0.0110309417428017,0.3002637281895211,/home/danieledinosse/repositories/ABM_Uni_v3/paper/tables/run_paper_figures_blocksize_sources/model2_vol_dex/lvr_vs_blocksize/volatility_dex_flow_model2_vol_dex_runs50_B2to16_seed10_step1_2/dLVR_summary.csv
2,volatility_dex,Volatility (DEX),passive,Passive LPs,499950,0.0017395466104417,0.0308363468113185,5.684341886080803e-14,5.684341886080803e-11,-0.0022454272748567,-5.684341886080803e-14,0.0008384779823116,0.01822164398245,/home/danieledinosse/repositories/ABM_Uni_v3/paper/tables/run_paper_figures_blocksize_sources/model2_vol_dex/lvr_vs_blocksize/volatility_dex_flow_model2_vol_dex_runs50_B2to16_seed10_step1_2/dLVR_summary.csv
2,volatility_dex,Volatility (DEX),jiter,Jiter,8546,-0.0162860415167885,0.1249441202895268,-0.0007081140382495,-0.7081140382494999,-0.25356256915454,-0.0164457830966935,0.0052205863320857,0.1142310806796006,/home/danieledinosse/repositories/ABM_Uni_v3/paper/tables/run_paper_figures_blocksize_sources/model2_vol_dex/lvr_vs_blocksize/volatility_dex_flow_model2_vol_dex_runs50_B2to16_seed10_step1_2/dLVR_summary.csv
3,static,Static,active,Active LPs,499950,0.0472617721192642,0.2849267845051533,0.0009588028767975,0.9588028767975,-0.0657980269560229,-3.128779582084462e-07,0.0229911362113909,0.4629207993219495,/home/danieledinosse/repositories/ABM_Uni_v3/paper/tables/run_paper_figures_blocksize_sources/model2_static/lvr_vs_blocksize/static_flow_model2_static_runs50_B2to16_seed10_step1_6/dLVR_summary.csv
3,static,Static,passive,Passive LPs,499950,0.0020049116914573,0.0604659735982489,5.57753213716704e-05,0.0557753213716704,-0.0044534304455999,-5.32982664225301e-07,0.0012367524426516,0.0220908022630776,/home/danieledinosse/repositories/ABM_Uni_v3/paper/tables/run_paper_figures_blocksize_sources/model2_static/lvr_vs_blocksize/static_flow_model2_static_runs50_B2to16_seed10_step1_6/dLVR_summary.csv
3,static,Static,jiter,Jiter,3,-0.0475446365456867,0.0280779538174099,-0.0493406606684266,-49.3406606684266,-0.0794168055742346,-0.0651702106188519,-0.0308170745338915,-0.0141458470128098,/home/danieledinosse/repositories/ABM_Uni_v3/paper/tables/run_paper_figures_blocksize_sources/model2_static/lvr_vs_blocksize/static_flow_model2_static_runs50_B2to16_seed10_step1_6/dLVR_summary.csv
3,toxicity,Toxicity,active,Active LPs,499950,0.0483038680395591,0.2218233198230045,0.000254921225658,0.254921225658,-0.0350876454126321,-4.856925883700569e-08,0.0283102618735147,0.4282577121827506,/home/danieledinosse/repositories/ABM_Uni_v3/paper/tables/run_paper_figures_blocksize_sources/model2_tox/lvr_vs_blocksize/toxicity_flow_model2_tox_runs50_B2to16_seed10_step1_2/dLVR_summary.csv
3,toxicity,Toxicity,passive,Passive LPs,499950,0.0019484568135079,0.0323465896336604,1.1036083884297e-05,0.011036083884297,-0.0020770683470285,-1.9274917661959993e-08,0.0015684882046236,0.018140147913082,/home/danieledinosse/repositories/ABM_Uni_v3/paper/tables/run_paper_figures_blocksize_sources/model2_tox/lvr_vs_blocksize/toxicity_flow_model2_tox_runs50_B2to16_seed10_step1_2/dLVR_summary.csv
3,toxicity,Toxicity,jiter,Jiter,45394,0.0005424997906273,0.1947213381398159,0.0019162508738244,1.9162508738244,-0.2934150696812575,-0.0153259359866912,0.0227903310791952,0.2736639683197235,/home/danieledinosse/repositories/ABM_Uni_v3/paper/tables/run_paper_figures_blocksize_sources/model2_tox/lvr_vs_blocksize/toxicity_flow_model2_tox_runs50_B2to16_seed10_step1_2/dLVR_summary.csv
3,volatility_cex,Volatility (CEX),active,Active LPs,499950,0.049153028975172,0.248619677288182,0.0004307778676846,0.43077786768459997,-0.0352761091763848,-7.088305409297392e-08,0.0264256750411103,0.4301122242524939,/home/danieledinosse/repositories/ABM_Uni_v3/paper/tables/run_paper_figures_blocksize_sources/model2_vol_cex/lvr_vs_blocksize/volatility_cex_flow_model2_vol_cex_runs50_B2to16_seed10_step1_2/dLVR_summary.csv
3,volatility_cex,Volatility (CEX),passive,Passive LPs,499950,0.0020657914039994,0.0416521110873172,2.2199546969851334e-05,0.022199546969851335,-0.0023193564669719,-6.822612874657352e-08,0.0014506743562699,0.0184392729472494,/home/danieledinosse/repositories/ABM_Uni_v3/paper/tables/run_paper_figures_blocksize_sources/model2_vol_cex/lvr_vs_blocksize/volatility_cex_flow_model2_vol_cex_runs50_B2to16_seed10_step1_2/dLVR_summary.csv
3,volatility_cex,Volatility (CEX),jiter,Jiter,21840,-0.0115125933770249,0.1517102344372813,-4.247978091650616e-05,-0.04247978091650616,-0.254508400347526,-0.0147028583576083,0.0091758532663461,0.1457186343721737,/home/danieledinosse/repositories/ABM_Uni_v3/paper/tables/run_paper_figures_blocksize_sources/model2_vol_cex/lvr_vs_blocksize/volatility_cex_flow_model2_vol_cex_runs50_B2to16_seed10_step1_2/dLVR_summary.csv
3,volatility_dex,Volatility (DEX),active,Active LPs,499950,0.0484252519602493,0.2787756351129902,1.8931025458357453e-05,0.018931025458357453,-0.0435214853869888,-2.2357272300155278e-07,0.0207426089583946,0.45138099724631,/home/danieledinosse/repositories/ABM_Uni_v3/paper/tables/run_paper_figures_blocksize_sources/model2_vol_dex/lvr_vs_blocksize/volatility_dex_flow_model2_vol_dex_runs50_B2to16_seed10_step1_2/dLVR_summary.csv
3,volatility_dex,Volatility (DEX),passive,Passive LPs,499950,0.0020879418421986,0.0333535164193267,4.946632990006578e-07,0.0004946632990006578,-0.002895740272254,-3.0695659347657056e-07,0.0011987512667607,0.0212559472983345,/home/danieledinosse/repositories/ABM_Uni_v3/paper/tables/run_paper_figures_blocksize_sources/model2_vol_dex/lvr_vs_blocksize/volatility_dex_flow_model2_vol_dex_runs50_B2to16_seed10_step1_2/dLVR_summary.csv
3,volatility_dex,Volatility (DEX),jiter,Jiter,18675,-0.01379092947566,0.1412191522949341,-0.0005146017470281,-0.5146017470281,-0.2390259078887627,-0.0146130457581411,0.0062512905787069,0.1291217578295236,/home/danieledinosse/repositories/ABM_Uni_v3/paper/tables/run_paper_figures_blocksize_sources/model2_vol_dex/lvr_vs_blocksize/volatility_dex_flow_model2_vol_dex_runs50_B2to16_seed10_step1_2/dLVR_summary.csv
4,static,Static,active,Active LPs,499950,0.0614417785528923,0.3511007275857136,0.0022473598926324,2.2473598926324,-0.0993501878714642,-2.972215298768788e-06,0.0355957512618256,0.5985683046042608,/home/danieledinosse/repositories/ABM_Uni_v3/paper/tables/run_paper_figures_blocksize_sources/model2_static/lvr_vs_blocksize/static_flow_model2_static_runs50_B2to16_seed10_step1_6/dLVR_summary.csv
4,static,Static,passive,Passive LPs,499950,0.0023560165120046,0.0691472787460091,0.0001124052074128,0.1124052074128,-0.0064430027545902,-3.888080904346225e-06,0.0016731431143434,0.0268886619518671,/home/danieledinosse/repositories/ABM_Uni_v3/paper/tables/run_paper_figures_blocksize_sources/model2_static/lvr_vs_blocksize/static_flow_model2_static_runs50_B2to16_seed10_step1_6/dLVR_summary.csv
4,static,Static,jiter,Jiter,10,-0.1099812654018907,0.1229344757011611,-0.024512891390891,-24.512891390891,-0.3185069391366569,-0.2206645958118455,-0.0085066270819541,-0.0056657148487356,/home/danieledinosse/repositories/ABM_Uni_v3/paper/tables/run_paper_figures_blocksize_sources/model2_static/lvr_vs_blocksize/static_flow_model2_static_runs50_B2to16_seed10_step1_6/dLVR_summary.csv
4,toxicity,Toxicity,active,Active LPs,499950,0.0654352869356331,0.2777381552613983,0.0013628333305909,1.3628333305909002,-0.0501715662269002,-3.498956822056698e-07,0.0410679018577126,0.5793587864351906,/home/danieledinosse/repositories/ABM_Uni_v3/paper/tables/run_paper_figures_blocksize_sources/model2_tox/lvr_vs_blocksize/toxicity_flow_model2_tox_runs50_B2to16_seed10_step1_2/dLVR_summary.csv
4,toxicity,Toxicity,passive,Passive LPs,499950,0.002225018255272,0.0290430141519657,4.802764913057257e-05,0.04802764913057257,-0.0023887147530456,-5.717844495367377e-07,0.0018258851684384,0.0209108107841404,/home/danieledinosse/repositories/ABM_Uni_v3/paper/tables/run_paper_figures_blocksize_sources/model2_tox/lvr_vs_blocksize/toxicity_flow_model2_tox_runs50_B2to16_seed10_step1_2/dLVR_summary.csv
4,toxicity,Toxicity,jiter,Jiter,65923,2.8379246120862325e-05,0.2014677255662038,0.0021632135307392,2.1632135307392,-0.3172790776101165,-0.0164729411809198,0.0265835802850684,0.2843199887166767,/home/danieledinosse/repositories/ABM_Uni_v3/paper/tables/run_paper_figures_blocksize_sources/model2_tox/lvr_vs_blocksize/toxicity_flow_model2_tox_runs50_B2to16_seed10_step1_2/dLVR_summary.csv
4,volatility_cex,Volatility (CEX),active,Active LPs,499950,0.063108892224325,0.3125489017517103,0.0011145619823268,1.1145619823268,-0.0481494268630248,-5.21704606626372e-07,0.0372357762566452,0.5576079989477832,/home/danieledinosse/repositories/ABM_Uni_v3/paper/tables/run_paper_figures_blocksize_sources/model2_vol_cex/lvr_vs_blocksize/volatility_cex_flow_model2_vol_cex_runs50_B2to16_seed10_step1_2/dLVR_summary.csv
4,volatility_cex,Volatility (CEX),passive,Passive LPs,499950,0.0022294751390733,0.0395582132400298,4.630865038635079e-05,0.04630865038635079,-0.0026704378561226,-9.371160096804942e-07,0.0016724912091414,0.0203875867886175,/home/danieledinosse/repositories/ABM_Uni_v3/paper/tables/run_paper_figures_blocksize_sources/model2_vol_cex/lvr_vs_blocksize/volatility_cex_flow_model2_vol_cex_runs50_B2to16_seed10_step1_2/dLVR_summary.csv
4,volatility_cex,Volatility (CEX),jiter,Jiter,36134,-0.0080539681704302,0.1565933768774179,0.0001051172990796,0.10511729907959999,-0.2373863377017976,-0.0133675217532941,0.0108005893433009,0.1689482508007464,/home/danieledinosse/repositories/ABM_Uni_v3/paper/tables/run_paper_figures_blocksize_sources/model2_vol_cex/lvr_vs_blocksize/volatility_cex_flow_model2_vol_cex_runs50_B2to16_seed10_step1_2/dLVR_summary.csv
4,volatility_dex,Volatility (DEX),active,Active LPs,499950,0.0626763061755629,0.3477196537285266,0.0005834853576417,0.5834853576417001,-0.0599186757556948,-9.399762106454546e-07,0.0312641002884923,0.5771880882362805,/home/danieledinosse/repositories/ABM_Uni_v3/paper/tables/run_paper_figures_blocksize_sources/model2_vol_dex/lvr_vs_blocksize/volatility_dex_flow_model2_vol_dex_runs50_B2to16_seed10_step1_2/dLVR_summary.csv
4,volatility_dex,Volatility (DEX),passive,Passive LPs,499950,0.002260153091929,0.0368417984722501,2.28659172083334e-05,0.0228659172083334,-0.0032823204454163,-1.778285863451856e-06,0.0014649755951787,0.0231649725614313,/home/danieledinosse/repositories/ABM_Uni_v3/paper/tables/run_paper_figures_blocksize_sources/model2_vol_dex/lvr_vs_blocksize/volatility_dex_flow_model2_vol_dex_runs50_B2to16_seed10_step1_2/dLVR_summary.csv
4,volatility_dex,Volatility (DEX),jiter,Jiter,31793,-0.0112929446192387,0.1351800740169015,-0.0002202816673797,-0.22028166737969998,-0.2534064678069996,-0.0142150615152036,0.0080004186541313,0.1483493578391507,/home/danieledinosse/repositories/ABM_Uni_v3/paper/tables/run_paper_figures_blocksize_sources/model2_vol_dex/lvr_vs_blocksize/volatility_dex_flow_model2_vol_dex_runs50_B2to16_seed10_step1_2/dLVR_summary.csv
5,static,Static,active,Active LPs,499950,0.0745478345750031,0.3976029850587809,0.0039718693178294,3.9718693178294,-0.1350463358838267,-0.0001084396178954,0.0497543810758183,0.7251053965384944,/home/danieledinosse/repositories/ABM_Uni_v3/paper/tables/run_paper_figures_blocksize_sources/model2_static/lvr_vs_blocksize/static_flow_model2_static_runs50_B2to16_seed10_step1_6/dLVR_summary.csv
5,static,Static,passive,Passive LPs,499950,0.0026190168717492,0.0731595318396905,0.0001691579815608,0.1691579815608,-0.0082733242568459,-8.200922766605688e-06,0.0020584511908779,0.0303318971863075,/home/danieledinosse/repositories/ABM_Uni_v3/paper/tables/run_paper_figures_blocksize_sources/model2_static/lvr_vs_blocksize/static_flow_model2_static_runs50_B2to16_seed10_step1_6/dLVR_summary.csv
5,static,Static,jiter,Jiter,11,-0.0976905250700096,0.0825089224184645,-0.0621340635241221,-62.134063524122105,-0.2521023870427701,-0.1562680487413784,-0.0351445728116004,-0.0047915080377456,/home/danieledinosse/repositories/ABM_Uni_v3/paper/tables/run_paper_figures_blocksize_sources/model2_static/lvr_vs_blocksize/static_flow_model2_static_runs50_B2to16_seed10_step1_6/dLVR_summary.csv
5,toxicity,Toxicity,active,Active LPs,499950,0.0826966716068693,0.3485845764103876,0.0029604329627482,2.9604329627482,-0.063120649165028,-9.717548081766836e-07,0.0542534225281533,0.732627645884649,/home/danieledinosse/repositories/ABM_Uni_v3/paper/tables/run_paper_figures_blocksize_sources/model2_tox/lvr_vs_blocksize/toxicity_flow_model2_tox_runs50_B2to16_seed10_step1_2/dLVR_summary.csv
5,toxicity,Toxicity,passive,Passive LPs,499950,0.0025575276896035,0.0351615415256605,9.096751266040268e-05,0.09096751266040268,-0.0026430554575813,-1.7367203035689729e-06,0.0021088818148987,0.0241612772167782,/home/danieledinosse/repositories/ABM_Uni_v3/paper/tables/run_paper_figures_blocksize_sources/model2_tox/lvr_vs_blocksize/toxicity_flow_model2_tox_runs50_B2to16_seed10_step1_2/dLVR_summary.csv
5,toxicity,Toxicity,jiter,Jiter,86999,0.0046909118972532,0.2277666401241124,0.0025343434651823,2.5343434651823,-0.3244706888903607,-0.0175114529223208,0.0302126709185337,0.3298887427111886,/home/danieledinosse/repositories/ABM_Uni_v3/paper/tables/run_paper_figures_blocksize_sources/model2_tox/lvr_vs_blocksize/toxicity_flow_model2_tox_runs50_B2to16_seed10_step1_2/dLVR_summary.csv
5,volatility_cex,Volatility (CEX),active,Active LPs,499950,0.0801577637690977,0.3484466253305729,0.0021024640879268,2.1024640879268,-0.0619547853243515,-1.56138704809905e-06,0.0498245269640972,0.7066032127866109,/home/danieledinosse/repositories/ABM_Uni_v3/paper/tables/run_paper_figures_blocksize_sources/model2_vol_cex/lvr_vs_blocksize/volatility_cex_flow_model2_vol_cex_runs50_B2to16_seed10_step1_2/dLVR_summary.csv
5,volatility_cex,Volatility (CEX),passive,Passive LPs,499950,0.0026069272212275,0.0416764538260519,7.795976035220244e-05,0.07795976035220244,-0.0031554987167801,-2.761437893905594e-06,0.002037732965664,0.023708213808322,/home/danieledinosse/repositories/ABM_Uni_v3/paper/tables/run_paper_figures_blocksize_sources/model2_vol_cex/lvr_vs_blocksize/volatility_cex_flow_model2_vol_cex_runs50_B2to16_seed10_step1_2/dLVR_summary.csv
5,volatility_cex,Volatility (CEX),jiter,Jiter,52440,-0.0086114168705263,0.15896917462755,0.0002099502515526,0.2099502515526,-0.2543098434568832,-0.0136209589339038,0.0120479668284694,0.175874505350073,/home/danieledinosse/repositories/ABM_Uni_v3/paper/tables/run_paper_figures_blocksize_sources/model2_vol_cex/lvr_vs_blocksize/volatility_cex_flow_model2_vol_cex_runs50_B2to16_seed10_step1_2/dLVR_summary.csv
5,volatility_dex,Volatility (DEX),active,Active LPs,499950,0.0758462432053844,0.3621937850561561,0.0013807854073926,1.3807854073926,-0.0740283073563446,-2.882052932307033e-06,0.0417506012156465,0.701433900193303,/home/danieledinosse/repositories/ABM_Uni_v3/paper/tables/run_paper_figures_blocksize_sources/model2_vol_dex/lvr_vs_blocksize/volatility_dex_flow_model2_vol_dex_runs50_B2to16_seed10_step1_2/dLVR_summary.csv
5,volatility_dex,Volatility (DEX),passive,Passive LPs,499950,0.0026533754173416,0.0437574298364355,5.272323868440192e-05,0.052723238684401916,-0.003936705539512,-4.1116347055947244e-06,0.0018524022262565,0.0275472662497735,/home/danieledinosse/repositories/ABM_Uni_v3/paper/tables/run_paper_figures_blocksize_sources/model2_vol_dex/lvr_vs_blocksize/volatility_dex_flow_model2_vol_dex_runs50_B2to16_seed10_step1_2/dLVR_summary.csv
5,volatility_dex,Volatility (DEX),jiter,Jiter,47037,-0.009471605741146,0.1349561461976785,-3.216672045702751e-05,-0.03216672045702751,-0.2373765365041833,-0.0142190745254584,0.0096223936284746,0.1598944030852979,/home/danieledinosse/repositories/ABM_Uni_v3/paper/tables/run_paper_figures_blocksize_sources/model2_vol_dex/lvr_vs_blocksize/volatility_dex_flow_model2_vol_dex_runs50_B2to16_seed10_step1_2/dLVR_summary.csv
6,static,Static,active,Active LPs,499950,0.0855743135266568,0.4439096497043447,0.0056602522406496,5.6602522406496005,-0.1711311170198064,-0.0006603942335905,0.0627321730532428,0.8353792559552762,/home/danieledinosse/repositories/ABM_Uni_v3/paper/tables/run_paper_figures_blocksize_sources/model2_static/lvr_vs_blocksize/static_flow_model2_static_runs50_B2to16_seed10_step1_6/dLVR_summary.csv
6,static,Static,passive,Passive LPs,499950,0.0029732527670537,0.0829641328900791,0.000229295108984,0.22929510898400002,-0.0110974480782056,-3.210786830321055e-05,0.0025398795488922,0.036228302841761,/home/danieledinosse/repositories/ABM_Uni_v3/paper/tables/run_paper_figures_blocksize_sources/model2_static/lvr_vs_blocksize/static_flow_model2_static_runs50_B2to16_seed10_step1_6/dLVR_summary.csv
6,static,Static,jiter,Jiter,6,-0.0538892545500622,0.0617864966865798,-0.0375041223552735,-37.5041223552735,-0.1691853942745897,-0.0475716705550649,-0.0194505329298605,0.0001691643157805,/home/danieledinosse/repositories/ABM_Uni_v3/paper/tables/run_paper_figures_blocksize_sources/model2_static/lvr_vs_blocksize/static_flow_model2_static_runs50_B2to16_seed10_step1_6/dLVR_summary.csv
6,toxicity,Toxicity,active,Active LPs,499950,0.0978104028204643,0.3909158894104088,0.004710836674306,4.710836674306,-0.0765282392165382,-2.0895128542974817e-06,0.0674068656338391,0.8569477650401993,/home/danieledinosse/repositories/ABM_Uni_v3/paper/tables/run_paper_figures_blocksize_sources/model2_tox/lvr_vs_blocksize/toxicity_flow_model2_tox_runs50_B2to16_seed10_step1_2/dLVR_summary.csv
6,toxicity,Toxicity,passive,Passive LPs,499950,0.002851461179231,0.035451169176309,0.0001337666793951,0.1337666793951,-0.0029529820354109,-3.3564297865495973e-06,0.0023896768378926,0.0274931491504314,/home/danieledinosse/repositories/ABM_Uni_v3/paper/tables/run_paper_figures_blocksize_sources/model2_tox/lvr_vs_blocksize/toxicity_flow_model2_tox_runs50_B2to16_seed10_step1_2/dLVR_summary.csv
6,toxicity,Toxicity,jiter,Jiter,107437,0.0053323533991236,0.2493788684246041,0.0029383229604498,2.9383229604498,-0.3652483084966014,-0.0184203409564199,0.0338357794262833,0.370327429761492,/home/danieledinosse/repositories/ABM_Uni_v3/paper/tables/run_paper_figures_blocksize_sources/model2_tox/lvr_vs_blocksize/toxicity_flow_model2_tox_runs50_B2to16_seed10_step1_2/dLVR_summary.csv
6,volatility_cex,Volatility (CEX),active,Active LPs,499950,0.0942786877617878,0.4017935374962025,0.003178853820259,3.178853820259,-0.073765590578664,-3.8013468355302393e-06,0.0608527107297192,0.8288638866920094,/home/danieledinosse/repositories/ABM_Uni_v3/paper/tables/run_paper_figures_blocksize_sources/model2_vol_cex/lvr_vs_blocksize/volatility_cex_flow_model2_vol_cex_runs50_B2to16_seed10_step1_2/dLVR_summary.csv
6,volatility_cex,Volatility (CEX),passive,Passive LPs,499950,0.0028594409988795,0.0438751296170392,0.0001066836208964,0.1066836208964,-0.0035025054102016,-4.418289931806262e-06,0.0022586016743272,0.0261024356545439,/home/danieledinosse/repositories/ABM_Uni_v3/paper/tables/run_paper_figures_blocksize_sources/model2_vol_cex/lvr_vs_blocksize/volatility_cex_flow_model2_vol_cex_runs50_B2to16_seed10_step1_2/dLVR_summary.csv
6,volatility_cex,Volatility (CEX),jiter,Jiter,69579,-0.0060063238536734,0.1643281101103268,0.0003873708640725,0.38737086407250004,-0.257352165505576,-0.0135578407805828,0.0138912876380361,0.1948299485057439,/home/danieledinosse/repositories/ABM_Uni_v3/paper/tables/run_paper_figures_blocksize_sources/model2_vol_cex/lvr_vs_blocksize/volatility_cex_flow_model2_vol_cex_runs50_B2to16_seed10_step1_2/dLVR_summary.csv
6,volatility_dex,Volatility (DEX),active,Active LPs,499950,0.089845758767947,0.4120541513407001,0.0023110151667324,2.3110151667324,-0.0920630695492852,-8.058644624497902e-06,0.0537180048260436,0.8233746556334409,/home/danieledinosse/repositories/ABM_Uni_v3/paper/tables/run_paper_figures_blocksize_sources/model2_vol_dex/lvr_vs_blocksize/volatility_dex_flow_model2_vol_dex_runs50_B2to16_seed10_step1_2/dLVR_summary.csv
6,volatility_dex,Volatility (DEX),passive,Passive LPs,499950,0.0028594394026789,0.0407403705615867,7.899277420399866e-05,0.07899277420399865,-0.0043371202920698,-5.1371766221688575e-06,0.0020809711695221,0.0298417788164516,/home/danieledinosse/repositories/ABM_Uni_v3/paper/tables/run_paper_figures_blocksize_sources/model2_vol_dex/lvr_vs_blocksize/volatility_dex_flow_model2_vol_dex_runs50_B2to16_seed10_step1_2/dLVR_summary.csv
6,volatility_dex,Volatility (DEX),jiter,Jiter,61610,-0.0077054560238908,0.1482825588399856,6.9307693813496895e-06,0.0069307693813496895,-0.2557610506489821,-0.0143794720820493,0.0113353342915623,0.1897475862043165,/home/danieledinosse/repositories/ABM_Uni_v3/paper/tables/run_paper_figures_blocksize_sources/model2_vol_dex/lvr_vs_blocksize/volatility_dex_flow_model2_vol_dex_runs50_B2to16_seed10_step1_2/dLVR_summary.csv
7,static,Static,active,Active LPs,499950,0.0968648985409975,0.4717934584740959,0.0077383736742969,7.7383736742969,-0.2098326458495953,-0.0013765840275701,0.0769983862319576,0.9484798620171276,/home/danieledinosse/repositories/ABM_Uni_v3/paper/tables/run_paper_figures_blocksize_sources/model2_static/lvr_vs_blocksize/static_flow_model2_static_runs50_B2to16_seed10_step1_6/dLVR_summary.csv
7,static,Static,passive,Passive LPs,499950,0.0032540820644887,0.0834132966971505,0.0002928722129427,0.2928722129427,-0.0137966799138099,-6.166635798374603e-05,0.0029868029523982,0.0411040635003703,/home/danieledinosse/repositories/ABM_Uni_v3/paper/tables/run_paper_figures_blocksize_sources/model2_static/lvr_vs_blocksize/static_flow_model2_static_runs50_B2to16_seed10_step1_6/dLVR_summary.csv
7,static,Static,jiter,Jiter,22,-0.1257908885387232,0.1834984197630093,-0.0272352723856811,-27.2352723856811,-0.5608961790304361,-0.1826609413343504,-0.006134972406331,4.198699485044805e-05,/home/danieledinosse/repositories/ABM_Uni_v3/paper/tables/run_paper_figures_blocksize_sources/model2_static/lvr_vs_blocksize/static_flow_model2_static_runs50_B2to16_seed10_step1_6/dLVR_summary.csv
7,toxicity,Toxicity,active,Active LPs,499950,0.1116694541456746,0.4270468792155174,0.0066130641352586,6.6130641352586,-0.0894667673697968,-4.736034483698859e-06,0.0799875363145626,0.9767732936015822,/home/danieledinosse/repositories/ABM_Uni_v3/paper/tables/run_paper_figures_blocksize_sources/model2_tox/lvr_vs_blocksize/toxicity_flow_model2_tox_runs50_B2to16_seed10_step1_2/dLVR_summary.csv
7,toxicity,Toxicity,passive,Passive LPs,499950,0.0030522796589509,0.0335253937932813,0.0001681229514609,0.16812295146089998,-0.0032540578880424,-4.606243452014014e-06,0.0025948467909533,0.0298207174219859,/home/danieledinosse/repositories/ABM_Uni_v3/paper/tables/run_paper_figures_blocksize_sources/model2_tox/lvr_vs_blocksize/toxicity_flow_model2_tox_runs50_B2to16_seed10_step1_2/dLVR_summary.csv
7,toxicity,Toxicity,jiter,Jiter,127887,0.0060936586556065,0.2506223015473593,0.0031349764970656,3.1349764970655998,-0.3828872324395147,-0.0199014885027253,0.0368380446717997,0.3864540517696549,/home/danieledinosse/repositories/ABM_Uni_v3/paper/tables/run_paper_figures_blocksize_sources/model2_tox/lvr_vs_blocksize/toxicity_flow_model2_tox_runs50_B2to16_seed10_step1_2/dLVR_summary.csv
7,volatility_cex,Volatility (CEX),active,Active LPs,499950,0.1083880569711046,0.4479565016450484,0.0044758404915009,4.4758404915009,-0.0874188294661427,-9.509647572514268e-06,0.0737291607920813,0.9547778848214216,/home/danieledinosse/repositories/ABM_Uni_v3/paper/tables/run_paper_figures_blocksize_sources/model2_vol_cex/lvr_vs_blocksize/volatility_cex_flow_model2_vol_cex_runs50_B2to16_seed10_step1_2/dLVR_summary.csv
7,volatility_cex,Volatility (CEX),passive,Passive LPs,499950,0.0031782423235538,0.0468428321965637,0.0001414662254118,0.14146622541179998,-0.0039265263240862,-5.380231534957147e-06,0.0025861374779475,0.0292506199812807,/home/danieledinosse/repositories/ABM_Uni_v3/paper/tables/run_paper_figures_blocksize_sources/model2_vol_cex/lvr_vs_blocksize/volatility_cex_flow_model2_vol_cex_runs50_B2to16_seed10_step1_2/dLVR_summary.csv
7,volatility_cex,Volatility (CEX),jiter,Jiter,86457,-0.0053603392387224,0.1680423925357903,0.0004792024408295,0.4792024408295,-0.2622904029523183,-0.013863709074445,0.0153973085584545,0.2059127021383232,/home/danieledinosse/repositories/ABM_Uni_v3/paper/tables/run_paper_figures_blocksize_sources/model2_vol_cex/lvr_vs_blocksize/volatility_cex_flow_model2_vol_cex_runs50_B2to16_seed10_step1_2/dLVR_summary.csv
7,volatility_dex,Volatility (DEX),active,Active LPs,499950,0.1034890878889053,0.4609599088548913,0.0033222405111388,3.3222405111388,-0.1065012906502778,-0.0001397057769507,0.0642380436153743,0.9529700025841072,/home/danieledinosse/repositories/ABM_Uni_v3/paper/tables/run_paper_figures_blocksize_sources/model2_vol_dex/lvr_vs_blocksize/volatility_dex_flow_model2_vol_dex_runs50_B2to16_seed10_step1_2/dLVR_summary.csv
7,volatility_dex,Volatility (DEX),passive,Passive LPs,499950,0.0031973326333323,0.0486847701819423,0.0001104857206332,0.1104857206332,-0.0050614655375687,-8.695201241941213e-06,0.002412205996116,0.0340428813910865,/home/danieledinosse/repositories/ABM_Uni_v3/paper/tables/run_paper_figures_blocksize_sources/model2_vol_dex/lvr_vs_blocksize/volatility_dex_flow_model2_vol_dex_runs50_B2to16_seed10_step1_2/dLVR_summary.csv
7,volatility_dex,Volatility (DEX),jiter,Jiter,78863,-0.0078861161606748,0.1583469765700096,0.0001061757004521,0.1061757004521,-0.2690205695345658,-0.0150175434059104,0.0127622550730812,0.1966995654209777,/home/danieledinosse/repositories/ABM_Uni_v3/paper/tables/run_paper_figures_blocksize_sources/model2_vol_dex/lvr_vs_blocksize/volatility_dex_flow_model2_vol_dex_runs50_B2to16_seed10_step1_2/dLVR_summary.csv
8,static,Static,active,Active LPs,499950,0.1079710788184939,0.5174179975703127,0.0097490955738,9.7490955738,-0.2440889250561038,-0.0024299576218565,0.0915266227012075,1.0604031660857778,/home/danieledinosse/repositories/ABM_Uni_v3/paper/tables/run_paper_figures_blocksize_sources/model2_static/lvr_vs_blocksize/static_flow_model2_static_runs50_B2to16_seed10_step1_6/dLVR_summary.csv
8,static,Static,passive,Passive LPs,499950,0.0036471626815413,0.0836011568807971,0.0003507560912165,0.3507560912165,-0.0167427944171208,-0.0001065798932341,0.0034641138402357,0.0472166090600271,/home/danieledinosse/repositories/ABM_Uni_v3/paper/tables/run_paper_figures_blocksize_sources/model2_static/lvr_vs_blocksize/static_flow_model2_static_runs50_B2to16_seed10_step1_6/dLVR_summary.csv
8,static,Static,jiter,Jiter,31,-0.122286361639554,0.1867125401444716,-0.0363435095423674,-36.3435095423674,-0.6258239846693319,-0.1134540457268706,-0.0103665984088677,-0.0018196161656396,/home/danieledinosse/repositories/ABM_Uni_v3/paper/tables/run_paper_figures_blocksize_sources/model2_static/lvr_vs_blocksize/static_flow_model2_static_runs50_B2to16_seed10_step1_6/dLVR_summary.csv
8,toxicity,Toxicity,active,Active LPs,499950,0.1289764810387613,0.4809207588070707,0.0086993361165593,8.699336116559302,-0.104187132777923,-1.026427407424535e-05,0.09415347287514,1.1361869358626036,/home/danieledinosse/repositories/ABM_Uni_v3/paper/tables/run_paper_figures_blocksize_sources/model2_tox/lvr_vs_blocksize/toxicity_flow_model2_tox_runs50_B2to16_seed10_step1_2/dLVR_summary.csv
8,toxicity,Toxicity,passive,Passive LPs,499950,0.0033499733716596,0.0406398576327348,0.0002075584193314,0.2075584193314,-0.0036086453226507,-5.386810361329708e-06,0.0028620457824351,0.0332377420250988,/home/danieledinosse/repositories/ABM_Uni_v3/paper/tables/run_paper_figures_blocksize_sources/model2_tox/lvr_vs_blocksize/toxicity_flow_model2_tox_runs50_B2to16_seed10_step1_2/dLVR_summary.csv
8,toxicity,Toxicity,jiter,Jiter,146012,0.0057940997037391,0.2746552051277929,0.0033026849599753,3.3026849599753,-0.4176942918018724,-0.0223203555651973,0.0398106892901033,0.4264771355333737,/home/danieledinosse/repositories/ABM_Uni_v3/paper/tables/run_paper_figures_blocksize_sources/model2_tox/lvr_vs_blocksize/toxicity_flow_model2_tox_runs50_B2to16_seed10_step1_2/dLVR_summary.csv
8,volatility_cex,Volatility (CEX),active,Active LPs,499950,0.1199913660809778,0.4743949384388861,0.0056343571051371,5.6343571051371,-0.1000544746205249,-0.0001160791427205,0.0834838807962883,1.0608251842928376,/home/danieledinosse/repositories/ABM_Uni_v3/paper/tables/run_paper_figures_blocksize_sources/model2_vol_cex/lvr_vs_blocksize/volatility_cex_flow_model2_vol_cex_runs50_B2to16_seed10_step1_2/dLVR_summary.csv
8,volatility_cex,Volatility (CEX),passive,Passive LPs,499950,0.0034735932751288,0.0508970475310484,0.000167233135895,0.167233135895,-0.0044187862383657,-8.241574349199254e-06,0.002834872193936,0.032333362920887,/home/danieledinosse/repositories/ABM_Uni_v3/paper/tables/run_paper_figures_blocksize_sources/model2_vol_cex/lvr_vs_blocksize/volatility_cex_flow_model2_vol_cex_runs50_B2to16_seed10_step1_2/dLVR_summary.csv
8,volatility_cex,Volatility (CEX),jiter,Jiter,104839,-0.0044223388310159,0.1689247792724281,0.0005848125265899,0.5848125265899,-0.2654345059996687,-0.0146898864925629,0.0170767740972545,0.2179143835867032,/home/danieledinosse/repositories/ABM_Uni_v3/paper/tables/run_paper_figures_blocksize_sources/model2_vol_cex/lvr_vs_blocksize/volatility_cex_flow_model2_vol_cex_runs50_B2to16_seed10_step1_2/dLVR_summary.csv
8,volatility_dex,Volatility (DEX),active,Active LPs,499950,0.1163753094214514,0.5121774355896063,0.004523721720874,4.523721720874,-0.1182420429159433,-0.0004503099459771,0.0758105029953732,1.0605819124772513,/home/danieledinosse/repositories/ABM_Uni_v3/paper/tables/run_paper_figures_blocksize_sources/model2_vol_dex/lvr_vs_blocksize/volatility_dex_flow_model2_vol_dex_runs50_B2to16_seed10_step1_2/dLVR_summary.csv
8,volatility_dex,Volatility (DEX),passive,Passive LPs,499950,0.0035686428155291,0.0519800287613669,0.0001452760653804,0.1452760653804,-0.0055552836606599,-1.6288019112131735e-05,0.0027489173348109,0.0379049087348787,/home/danieledinosse/repositories/ABM_Uni_v3/paper/tables/run_paper_figures_blocksize_sources/model2_vol_dex/lvr_vs_blocksize/volatility_dex_flow_model2_vol_dex_runs50_B2to16_seed10_step1_2/dLVR_summary.csv
8,volatility_dex,Volatility (DEX),jiter,Jiter,95007,-0.0065235152560184,0.1748528527794629,0.0001424966732557,0.1424966732557,-0.2796957735981094,-0.0151019677822681,0.0144036191863795,0.2185548059268237,/home/danieledinosse/repositories/ABM_Uni_v3/paper/tables/run_paper_figures_blocksize_sources/model2_vol_dex/lvr_vs_blocksize/volatility_dex_flow_model2_vol_dex_runs50_B2to16_seed10_step1_2/dLVR_summary.csv
9,static,Static,active,Active LPs,499950,0.1197437221442898,0.5526391384307223,0.0120600965836104,12.0600965836104,-0.2804265929628211,-0.0036053637123541,0.1072190867112771,1.1570980318406896,/home/danieledinosse/repositories/ABM_Uni_v3/paper/tables/run_paper_figures_blocksize_sources/model2_static/lvr_vs_blocksize/static_flow_model2_static_runs50_B2to16_seed10_step1_6/dLVR_summary.csv
9,static,Static,passive,Passive LPs,499950,0.0040222106005777,0.0877413182463259,0.0004164917607904,0.41649176079039996,-0.0199795090578151,-0.0001548450536835,0.003949740122279,0.0533023520395943,/home/danieledinosse/repositories/ABM_Uni_v3/paper/tables/run_paper_figures_blocksize_sources/model2_static/lvr_vs_blocksize/static_flow_model2_static_runs50_B2to16_seed10_step1_6/dLVR_summary.csv
9,static,Static,jiter,Jiter,30,-0.3146326545684914,0.4876617881702618,-0.1141326027238411,-114.1326027238411,-1.652313488794964,-0.3560454500008633,-0.0265802800010061,-0.0028021343669532,/home/danieledinosse/repositories/ABM_Uni_v3/paper/tables/run_paper_figures_blocksize_sources/model2_static/lvr_vs_blocksize/static_flow_model2_static_runs50_B2to16_seed10_step1_6/dLVR_summary.csv
9,toxicity,Toxicity,active,Active LPs,499950,0.1438711926740944,0.5289847056904422,0.0110554404688355,11.0554404688355,-0.1172159117896176,-9.744650736224288e-05,0.1083621188258385,1.2610731308012724,/home/danieledinosse/repositories/ABM_Uni_v3/paper/tables/run_paper_figures_blocksize_sources/model2_tox/lvr_vs_blocksize/toxicity_flow_model2_tox_runs50_B2to16_seed10_step1_2/dLVR_summary.csv
9,toxicity,Toxicity,passive,Passive LPs,499950,0.0036480600114844,0.0414849015628906,0.0002511821586814,0.25118215868140004,-0.0039854015203007,-7.778513692861352e-06,0.0031305857076151,0.0370241550750257,/home/danieledinosse/repositories/ABM_Uni_v3/paper/tables/run_paper_figures_blocksize_sources/model2_tox/lvr_vs_blocksize/toxicity_flow_model2_tox_runs50_B2to16_seed10_step1_2/dLVR_summary.csv
9,toxicity,Toxicity,jiter,Jiter,164844,0.0077064621774715,0.2966746282589707,0.0036699193992149,3.6699193992149,-0.4357046872470909,-0.0233457959018835,0.0441262776188914,0.4660026888536394,/home/danieledinosse/repositories/ABM_Uni_v3/paper/tables/run_paper_figures_blocksize_sources/model2_tox/lvr_vs_blocksize/toxicity_flow_model2_tox_runs50_B2to16_seed10_step1_2/dLVR_summary.csv
9,volatility_cex,Volatility (CEX),active,Active LPs,499950,0.1350527267056082,0.5224208091627099,0.0070070729699017,7.0070729699017,-0.1107995369492913,-0.0004314662827031,0.0955210827778293,1.1793825119660413,/home/danieledinosse/repositories/ABM_Uni_v3/paper/tables/run_paper_figures_blocksize_sources/model2_vol_cex/lvr_vs_blocksize/volatility_cex_flow_model2_vol_cex_runs50_B2to16_seed10_step1_2/dLVR_summary.csv
9,volatility_cex,Volatility (CEX),passive,Passive LPs,499950,0.0038341790224459,0.0578402217709623,0.0002035704004315,0.20357040043150001,-0.0048436298845779,-1.3979124184590856e-05,0.0031360778352274,0.0358250655200028,/home/danieledinosse/repositories/ABM_Uni_v3/paper/tables/run_paper_figures_blocksize_sources/model2_vol_cex/lvr_vs_blocksize/volatility_cex_flow_model2_vol_cex_runs50_B2to16_seed10_step1_2/dLVR_summary.csv
9,volatility_cex,Volatility (CEX),jiter,Jiter,122259,-0.0028938072046734,0.1939813165896639,0.0007171870954358,0.7171870954358,-0.2821888316511016,-0.0149689100268802,0.0190231717290608,0.2460871109697735,/home/danieledinosse/repositories/ABM_Uni_v3/paper/tables/run_paper_figures_blocksize_sources/model2_vol_cex/lvr_vs_blocksize/volatility_cex_flow_model2_vol_cex_runs50_B2to16_seed10_step1_2/dLVR_summary.csv
9,volatility_dex,Volatility (DEX),active,Active LPs,499950,0.1290512415293725,0.5360582564719433,0.0058633220808703,5.8633220808703,-0.1333935819444763,-0.0008019273106327,0.0871899284839186,1.1755283923838604,/home/danieledinosse/repositories/ABM_Uni_v3/paper/tables/run_paper_figures_blocksize_sources/model2_vol_dex/lvr_vs_blocksize/volatility_dex_flow_model2_vol_dex_runs50_B2to16_seed10_step1_2/dLVR_summary.csv
9,volatility_dex,Volatility (DEX),passive,Passive LPs,499950,0.0038781009493545,0.0556793501155543,0.000183968355788,0.183968355788,-0.0062124979930587,-2.772686451089746e-05,0.0030662306629395,0.0409266077894424,/home/danieledinosse/repositories/ABM_Uni_v3/paper/tables/run_paper_figures_blocksize_sources/model2_vol_dex/lvr_vs_blocksize/volatility_dex_flow_model2_vol_dex_runs50_B2to16_seed10_step1_2/dLVR_summary.csv
9,volatility_dex,Volatility (DEX),jiter,Jiter,110910,-0.0049523897583749,0.1807351904023441,0.00028670455498,0.28670455497999997,-0.2814695798983094,-0.015768303774476,0.0160927450014938,0.2314502320235227,/home/danieledinosse/repositories/ABM_Uni_v3/paper/tables/run_paper_figures_blocksize_sources/model2_vol_dex/lvr_vs_blocksize/volatility_dex_flow_model2_vol_dex_runs50_B2to16_seed10_step1_2/dLVR_summary.csv
10,static,Static,active,Active LPs,499950,0.1303066858282555,0.6013011136118287,0.0143153843490603,14.3153843490603,-0.3139685002239696,-0.0048887141326661,0.1215600561790414,1.2635643049436276,/home/danieledinosse/repositories/ABM_Uni_v3/paper/tables/run_paper_figures_blocksize_sources/model2_static/lvr_vs_blocksize/static_flow_model2_static_runs50_B2to16_seed10_step1_6/dLVR_summary.csv
10,static,Static,passive,Passive LPs,499950,0.0044523826818741,0.0965945268047917,0.000486683544151,0.486683544151,-0.024214187956525,-0.0002133833791677,0.0045390349138235,0.0598259909991735,/home/danieledinosse/repositories/ABM_Uni_v3/paper/tables/run_paper_figures_blocksize_sources/model2_static/lvr_vs_blocksize/static_flow_model2_static_runs50_B2to16_seed10_step1_6/dLVR_summary.csv
10,static,Static,jiter,Jiter,40,-0.1349340627139515,0.2868156567330685,-0.0460080892124488,-46.008089212448795,-0.5434076367888586,-0.1505037100006085,-0.011379121737712,-0.0011866592154039,/home/danieledinosse/repositories/ABM_Uni_v3/paper/tables/run_paper_figures_blocksize_sources/model2_static/lvr_vs_blocksize/static_flow_model2_static_runs50_B2to16_seed10_step1_6/dLVR_summary.csv
10,toxicity,Toxicity,active,Active LPs,499950,0.1599725377975481,0.5855806185455623,0.013244105379199,13.244105379198999,-0.1311394056196976,-0.0004680130495437,0.1220222827169167,1.395407088107311,/home/danieledinosse/repositories/ABM_Uni_v3/paper/tables/run_paper_figures_blocksize_sources/model2_tox/lvr_vs_blocksize/toxicity_flow_model2_tox_runs50_B2to16_seed10_step1_2/dLVR_summary.csv
10,toxicity,Toxicity,passive,Passive LPs,499950,0.0040532607272434,0.0451851641035128,0.0002880492600912,0.2880492600912,-0.0043561344430125,-1.1401153428204769e-05,0.0033984316749324,0.0406270327339897,/home/danieledinosse/repositories/ABM_Uni_v3/paper/tables/run_paper_figures_blocksize_sources/model2_tox/lvr_vs_blocksize/toxicity_flow_model2_tox_runs50_B2to16_seed10_step1_2/dLVR_summary.csv
10,toxicity,Toxicity,jiter,Jiter,181000,0.0090347727754073,0.3128417015777664,0.0037922756840629,3.7922756840629,-0.4574844665303278,-0.0253553659515688,0.0477775384287447,0.4949784378671391,/home/danieledinosse/repositories/ABM_Uni_v3/paper/tables/run_paper_figures_blocksize_sources/model2_tox/lvr_vs_blocksize/toxicity_flow_model2_tox_runs50_B2to16_seed10_step1_2/dLVR_summary.csv
10,volatility_cex,Volatility (CEX),active,Active LPs,499950,0.1474007727773712,0.5561692898966479,0.0084044754369395,8.4044754369395,-0.1218074992324432,-0.0007841585306645,0.1078590090222255,1.2941206948363495,/home/danieledinosse/repositories/ABM_Uni_v3/paper/tables/run_paper_figures_blocksize_sources/model2_vol_cex/lvr_vs_blocksize/volatility_cex_flow_model2_vol_cex_runs50_B2to16_seed10_step1_2/dLVR_summary.csv
10,volatility_cex,Volatility (CEX),passive,Passive LPs,499950,0.0040964040916036,0.0541037520756285,0.0002324018215604,0.2324018215604,-0.0052699281033472,-2.161188224960128e-05,0.0034135096136066,0.0383193923842341,/home/danieledinosse/repositories/ABM_Uni_v3/paper/tables/run_paper_figures_blocksize_sources/model2_vol_cex/lvr_vs_blocksize/volatility_cex_flow_model2_vol_cex_runs50_B2to16_seed10_step1_2/dLVR_summary.csv
10,volatility_cex,Volatility (CEX),jiter,Jiter,137961,-0.0021989199746536,0.1831080631954207,0.0008027939060895,0.8027939060895,-0.2876284626442782,-0.0156419584137578,0.0203718460273393,0.2521142746083409,/home/danieledinosse/repositories/ABM_Uni_v3/paper/tables/run_paper_figures_blocksize_sources/model2_vol_cex/lvr_vs_blocksize/volatility_cex_flow_model2_vol_cex_runs50_B2to16_seed10_step1_2/dLVR_summary.csv
10,volatility_dex,Volatility (DEX),active,Active LPs,499950,0.141095599410481,0.5725713032986651,0.007039039419974,7.039039419974,-0.1459012022102164,-0.0012189716787452,0.0980873441240205,1.2803917894449597,/home/danieledinosse/repositories/ABM_Uni_v3/paper/tables/run_paper_figures_blocksize_sources/model2_vol_dex/lvr_vs_blocksize/volatility_dex_flow_model2_vol_dex_runs50_B2to16_seed10_step1_2/dLVR_summary.csv
10,volatility_dex,Volatility (DEX),passive,Passive LPs,499950,0.0042823669901879,0.05272092984171,0.0002180707109249,0.21807071092490002,-0.0069697850543045,-4.154803140044187e-05,0.003419353138719,0.0460834260931723,/home/danieledinosse/repositories/ABM_Uni_v3/paper/tables/run_paper_figures_blocksize_sources/model2_vol_dex/lvr_vs_blocksize/volatility_dex_flow_model2_vol_dex_runs50_B2to16_seed10_step1_2/dLVR_summary.csv
10,volatility_dex,Volatility (DEX),jiter,Jiter,126750,-0.0041704065637161,0.1823962577728206,0.0003205434223086,0.3205434223086,-0.2989582126127658,-0.0166182351595316,0.017978091608669,0.2532877587537305,/home/danieledinosse/repositories/ABM_Uni_v3/paper/tables/run_paper_figures_blocksize_sources/model2_vol_dex/lvr_vs_blocksize/volatility_dex_flow_model2_vol_dex_runs50_B2to16_seed10_step1_2/dLVR_summary.csv
11,static,Static,active,Active LPs,499950,0.1387806631561335,0.6332560275952581,0.0164665722896963,16.466572289696302,-0.3512093558101817,-0.0065528831715001,0.1350622189080044,1.3456776437801925,/home/danieledinosse/repositories/ABM_Uni_v3/paper/tables/run_paper_figures_blocksize_sources/model2_static/lvr_vs_blocksize/static_flow_model2_static_runs50_B2to16_seed10_step1_6/dLVR_summary.csv
11,static,Static,passive,Passive LPs,499950,0.0047746453981799,0.098287511966079,0.000536347807984,0.536347807984,-0.0277764032786819,-0.0002860750457933,0.0050006236619479,0.0657048514694342,/home/danieledinosse/repositories/ABM_Uni_v3/paper/tables/run_paper_figures_blocksize_sources/model2_static/lvr_vs_blocksize/static_flow_model2_static_runs50_B2to16_seed10_step1_6/dLVR_summary.csv
11,static,Static,jiter,Jiter,34,-0.1187844768336035,0.1488727774182857,-0.063048478301185,-63.048478301185,-0.4549707419636641,-0.1362791879862962,-0.0252338447869143,-0.0016763837051217,/home/danieledinosse/repositories/ABM_Uni_v3/paper/tables/run_paper_figures_blocksize_sources/model2_static/lvr_vs_blocksize/static_flow_model2_static_runs50_B2to16_seed10_step1_6/dLVR_summary.csv
11,toxicity,Toxicity,active,Active LPs,499950,0.1731810100542849,0.6262544207760103,0.0152976858891517,15.297685889151701,-0.1431978372550323,-0.0008755633704979,0.1341091669998116,1.5110050622919975,/home/danieledinosse/repositories/ABM_Uni_v3/paper/tables/run_paper_figures_blocksize_sources/model2_tox/lvr_vs_blocksize/toxicity_flow_model2_tox_runs50_B2to16_seed10_step1_2/dLVR_summary.csv
11,toxicity,Toxicity,passive,Passive LPs,499950,0.0042908186663268,0.0473833807134684,0.0003082296002385,0.3082296002385,-0.0046458502541053,-1.675896768390305e-05,0.0035517733965325,0.043247342998913,/home/danieledinosse/repositories/ABM_Uni_v3/paper/tables/run_paper_figures_blocksize_sources/model2_tox/lvr_vs_blocksize/toxicity_flow_model2_tox_runs50_B2to16_seed10_step1_2/dLVR_summary.csv
11,toxicity,Toxicity,jiter,Jiter,195515,0.0129082154060875,0.3286203982603682,0.0043073293778365,4.3073293778365,-0.479195944780708,-0.0262043502016202,0.0517849480935144,0.5303577426531296,/home/danieledinosse/repositories/ABM_Uni_v3/paper/tables/run_paper_figures_blocksize_sources/model2_tox/lvr_vs_blocksize/toxicity_flow_model2_tox_runs50_B2to16_seed10_step1_2/dLVR_summary.csv
11,volatility_cex,Volatility (CEX),active,Active LPs,499950,0.1599058281498788,0.6031264099457139,0.0099206637054773,9.920663705477299,-0.1346893752283272,-0.0011601812156319,0.1185118175965988,1.4134531888094009,/home/danieledinosse/repositories/ABM_Uni_v3/paper/tables/run_paper_figures_blocksize_sources/model2_vol_cex/lvr_vs_blocksize/volatility_cex_flow_model2_vol_cex_runs50_B2to16_seed10_step1_2/dLVR_summary.csv
11,volatility_cex,Volatility (CEX),passive,Passive LPs,499950,0.004393641083303,0.0539104371708579,0.0002725283796791,0.27252837967910004,-0.006012214331145,-3.228760534457121e-05,0.0037165690657032,0.0420239468327686,/home/danieledinosse/repositories/ABM_Uni_v3/paper/tables/run_paper_figures_blocksize_sources/model2_vol_cex/lvr_vs_blocksize/volatility_cex_flow_model2_vol_cex_runs50_B2to16_seed10_step1_2/dLVR_summary.csv
11,volatility_cex,Volatility (CEX),jiter,Jiter,156575,-0.0015425693188343,0.2005018635060026,0.0009582679181947,0.9582679181947,-0.3036385938078062,-0.0162547177242469,0.0219928652386178,0.2743193366488345,/home/danieledinosse/repositories/ABM_Uni_v3/paper/tables/run_paper_figures_blocksize_sources/model2_vol_cex/lvr_vs_blocksize/volatility_cex_flow_model2_vol_cex_runs50_B2to16_seed10_step1_2/dLVR_summary.csv
11,volatility_dex,Volatility (DEX),active,Active LPs,499950,0.1525282426321043,0.6029544391228386,0.0085796409460101,8.5796409460101,-0.164122376462415,-0.00164955429859,0.1099876290610952,1.3870950496257453,/home/danieledinosse/repositories/ABM_Uni_v3/paper/tables/run_paper_figures_blocksize_sources/model2_vol_dex/lvr_vs_blocksize/volatility_dex_flow_model2_vol_dex_runs50_B2to16_seed10_step1_2/dLVR_summary.csv
11,volatility_dex,Volatility (DEX),passive,Passive LPs,499950,0.0045346893856111,0.05895852415975,0.0002546394622775,0.2546394622775,-0.0078521394015169,-5.374288649107003e-05,0.003741529371286,0.0487328686415097,/home/danieledinosse/repositories/ABM_Uni_v3/paper/tables/run_paper_figures_blocksize_sources/model2_vol_dex/lvr_vs_blocksize/volatility_dex_flow_model2_vol_dex_runs50_B2to16_seed10_step1_2/dLVR_summary.csv
11,volatility_dex,Volatility (DEX),jiter,Jiter,142201,-0.0043861437507902,0.1956294758814012,0.0004283100067186,0.42831000671860003,-0.3137655270247848,-0.0178757473028556,0.0198716553929969,0.2696744467600993,/home/danieledinosse/repositories/ABM_Uni_v3/paper/tables/run_paper_figures_blocksize_sources/model2_vol_dex/lvr_vs_blocksize/volatility_dex_flow_model2_vol_dex_runs50_B2to16_seed10_step1_2/dLVR_summary.csv
12,static,Static,active,Active LPs,499950,0.1474796290857439,0.648553122617637,0.0187306566333383,18.7306566333383,-0.3879953055886943,-0.0081210606900308,0.1491043727567722,1.443253558468414,/home/danieledinosse/repositories/ABM_Uni_v3/paper/tables/run_paper_figures_blocksize_sources/model2_static/lvr_vs_blocksize/static_flow_model2_static_runs50_B2to16_seed10_step1_6/dLVR_summary.csv
12,static,Static,passive,Passive LPs,499950,0.005319241516065,0.1085252622112275,0.0006295941501015,0.6295941501015001,-0.0330193032717137,-0.0003727701788169,0.005725005562638,0.0753225353255423,/home/danieledinosse/repositories/ABM_Uni_v3/paper/tables/run_paper_figures_blocksize_sources/model2_static/lvr_vs_blocksize/static_flow_model2_static_runs50_B2to16_seed10_step1_6/dLVR_summary.csv
12,static,Static,jiter,Jiter,48,-0.1612404865631387,0.2469815334067419,-0.0587266623048853,-58.7266623048853,-0.935202762019728,-0.178380079479766,-0.0103912954079094,0.000647668153479,/home/danieledinosse/repositories/ABM_Uni_v3/paper/tables/run_paper_figures_blocksize_sources/model2_static/lvr_vs_blocksize/static_flow_model2_static_runs50_B2to16_seed10_step1_6/dLVR_summary.csv
12,toxicity,Toxicity,active,Active LPs,499950,0.190348204790113,0.677790824156156,0.017897640222716,17.897640222716003,-0.1597430877444901,-0.0013069841694454,0.1495640152356296,1.6628721087643088,/home/danieledinosse/repositories/ABM_Uni_v3/paper/tables/run_paper_figures_blocksize_sources/model2_tox/lvr_vs_blocksize/toxicity_flow_model2_tox_runs50_B2to16_seed10_step1_2/dLVR_summary.csv
12,toxicity,Toxicity,passive,Passive LPs,499950,0.0047100471029877,0.0505234466588984,0.0003636821637196,0.3636821637196,-0.0052441040992511,-2.438387790171248e-05,0.0039641954695504,0.0485965481871885,/home/danieledinosse/repositories/ABM_Uni_v3/paper/tables/run_paper_figures_blocksize_sources/model2_tox/lvr_vs_blocksize/toxicity_flow_model2_tox_runs50_B2to16_seed10_step1_2/dLVR_summary.csv
12,toxicity,Toxicity,jiter,Jiter,211391,0.0123478520761378,0.3550089787221392,0.0046365223671187,4.6365223671187,-0.5169590074746744,-0.0288126328516511,0.0553861010505106,0.5657731788439324,/home/danieledinosse/repositories/ABM_Uni_v3/paper/tables/run_paper_figures_blocksize_sources/model2_tox/lvr_vs_blocksize/toxicity_flow_model2_tox_runs50_B2to16_seed10_step1_2/dLVR_summary.csv
12,volatility_cex,Volatility (CEX),active,Active LPs,499950,0.1741825344775063,0.6366995250651117,0.0115703383791497,11.570338379149701,-0.1465537721940808,-0.0015494166470085,0.1313009900566922,1.5252293416970668,/home/danieledinosse/repositories/ABM_Uni_v3/paper/tables/run_paper_figures_blocksize_sources/model2_vol_cex/lvr_vs_blocksize/volatility_cex_flow_model2_vol_cex_runs50_B2to16_seed10_step1_2/dLVR_summary.csv
12,volatility_cex,Volatility (CEX),passive,Passive LPs,499950,0.0048351487759984,0.0618954747872761,0.0003090346225599,0.3090346225599,-0.0066418670967322,-4.242391808058012e-05,0.0041012237935192,0.0460299945161714,/home/danieledinosse/repositories/ABM_Uni_v3/paper/tables/run_paper_figures_blocksize_sources/model2_vol_cex/lvr_vs_blocksize/volatility_cex_flow_model2_vol_cex_runs50_B2to16_seed10_step1_2/dLVR_summary.csv
12,volatility_cex,Volatility (CEX),jiter,Jiter,172871,-0.0010647678078956,0.2125321721517655,0.0010765083735861,1.0765083735861,-0.3179145446065127,-0.0171237668158584,0.023552732921993,0.2887435192704224,/home/danieledinosse/repositories/ABM_Uni_v3/paper/tables/run_paper_figures_blocksize_sources/model2_vol_cex/lvr_vs_blocksize/volatility_cex_flow_model2_vol_cex_runs50_B2to16_seed10_step1_2/dLVR_summary.csv
12,volatility_dex,Volatility (DEX),active,Active LPs,499950,0.1647335005016888,0.6424102463356768,0.0097390935880628,9.7390935880628,-0.1786355311923174,-0.0021109696200068,0.1212810554178145,1.49256394000259,/home/danieledinosse/repositories/ABM_Uni_v3/paper/tables/run_paper_figures_blocksize_sources/model2_vol_dex/lvr_vs_blocksize/volatility_dex_flow_model2_vol_dex_runs50_B2to16_seed10_step1_2/dLVR_summary.csv
12,volatility_dex,Volatility (DEX),passive,Passive LPs,499950,0.0050054745295102,0.0569262574654562,0.0002937107520373,0.29371075203729996,-0.0088591429093682,-7.1414083223971e-05,0.004128511774454,0.0540319497044047,/home/danieledinosse/repositories/ABM_Uni_v3/paper/tables/run_paper_figures_blocksize_sources/model2_vol_dex/lvr_vs_blocksize/volatility_dex_flow_model2_vol_dex_runs50_B2to16_seed10_step1_2/dLVR_summary.csv
12,volatility_dex,Volatility (DEX),jiter,Jiter,158978,-0.0045881786765242,0.1997104125935626,0.0005499441798435,0.5499441798435001,-0.3347680731018084,-0.0184069725821812,0.0215485441653511,0.2832627613243912,/home/danieledinosse/repositories/ABM_Uni_v3/paper/tables/run_paper_figures_blocksize_sources/model2_vol_dex/lvr_vs_blocksize/volatility_dex_flow_model2_vol_dex_runs50_B2to16_seed10_step1_2/dLVR_summary.csv
13,static,Static,active,Active LPs,499950,0.1559965908587398,0.6945101348748574,0.0209066157252923,20.906615725292298,-0.4241200965544368,-0.0098578522078136,0.1620093401123,1.5169871807612656,/home/danieledinosse/repositories/ABM_Uni_v3/paper/tables/run_paper_figures_blocksize_sources/model2_static/lvr_vs_blocksize/static_flow_model2_static_runs50_B2to16_seed10_step1_6/dLVR_summary.csv
13,static,Static,passive,Passive LPs,499950,0.0055787438657665,0.1084766266280376,0.0006805020254275,0.6805020254274999,-0.0381248786902571,-0.0004440193018186,0.0061780963286574,0.0819327063618377,/home/danieledinosse/repositories/ABM_Uni_v3/paper/tables/run_paper_figures_blocksize_sources/model2_static/lvr_vs_blocksize/static_flow_model2_static_runs50_B2to16_seed10_step1_6/dLVR_summary.csv
13,static,Static,jiter,Jiter,51,-0.2442446839580783,0.5795198596921228,-0.069100761749898,-69.100761749898,-0.8433710423793455,-0.2310053644589012,-0.0362312784676715,-0.0021059939962593,/home/danieledinosse/repositories/ABM_Uni_v3/paper/tables/run_paper_figures_blocksize_sources/model2_static/lvr_vs_blocksize/static_flow_model2_static_runs50_B2to16_seed10_step1_6/dLVR_summary.csv
13,toxicity,Toxicity,active,Active LPs,499950,0.2045794994330549,0.7160616300647027,0.0203645966561717,20.3645966561717,-0.1713431401514662,-0.0017322092117625,0.1637417169256251,1.7668419203936063,/home/danieledinosse/repositories/ABM_Uni_v3/paper/tables/run_paper_figures_blocksize_sources/model2_tox/lvr_vs_blocksize/toxicity_flow_model2_tox_runs50_B2to16_seed10_step1_2/dLVR_summary.csv
13,toxicity,Toxicity,passive,Passive LPs,499950,0.0050424520601857,0.0491650621685891,0.0003979795538668,0.3979795538668,-0.0056998909863471,-3.056710666457391e-05,0.0042091411401053,0.0519638596960766,/home/danieledinosse/repositories/ABM_Uni_v3/paper/tables/run_paper_figures_blocksize_sources/model2_tox/lvr_vs_blocksize/toxicity_flow_model2_tox_runs50_B2to16_seed10_step1_2/dLVR_summary.csv
13,toxicity,Toxicity,jiter,Jiter,226760,0.0132934403733092,0.3585773237159375,0.0048057525486282,4.8057525486282,-0.5360545489753662,-0.0308422183263274,0.0589979815257244,0.5845612185909016,/home/danieledinosse/repositories/ABM_Uni_v3/paper/tables/run_paper_figures_blocksize_sources/model2_tox/lvr_vs_blocksize/toxicity_flow_model2_tox_runs50_B2to16_seed10_step1_2/dLVR_summary.csv
13,volatility_cex,Volatility (CEX),active,Active LPs,499950,0.187991910662835,0.6732131066449344,0.0131391712768421,13.139171276842099,-0.1577516972134326,-0.001887700462848,0.1446773535212277,1.6483017546155403,/home/danieledinosse/repositories/ABM_Uni_v3/paper/tables/run_paper_figures_blocksize_sources/model2_vol_cex/lvr_vs_blocksize/volatility_cex_flow_model2_vol_cex_runs50_B2to16_seed10_step1_2/dLVR_summary.csv
13,volatility_cex,Volatility (CEX),passive,Passive LPs,499950,0.0051432289017244,0.0643828187370925,0.0003408410968947,0.3408410968947,-0.007167093247926,-5.143004661489558e-05,0.0043983943500678,0.0494606489943459,/home/danieledinosse/repositories/ABM_Uni_v3/paper/tables/run_paper_figures_blocksize_sources/model2_vol_cex/lvr_vs_blocksize/volatility_cex_flow_model2_vol_cex_runs50_B2to16_seed10_step1_2/dLVR_summary.csv
13,volatility_cex,Volatility (CEX),jiter,Jiter,187637,0.0015224668568474,0.2281744095637815,0.0011852226950073,1.1852226950073002,-0.3231059955002436,-0.0177425630832743,0.0258737839628211,0.3096693622107797,/home/danieledinosse/repositories/ABM_Uni_v3/paper/tables/run_paper_figures_blocksize_sources/model2_vol_cex/lvr_vs_blocksize/volatility_cex_flow_model2_vol_cex_runs50_B2to16_seed10_step1_2/dLVR_summary.csv
13,volatility_dex,Volatility (DEX),active,Active LPs,499950,0.1755595042438195,0.6742088217111579,0.011078007381581,11.078007381581001,-0.1929473690380884,-0.0025919177406489,0.1314981958263845,1.6114292412508353,/home/danieledinosse/repositories/ABM_Uni_v3/paper/tables/run_paper_figures_blocksize_sources/model2_vol_dex/lvr_vs_blocksize/volatility_dex_flow_model2_vol_dex_runs50_B2to16_seed10_step1_2/dLVR_summary.csv
13,volatility_dex,Volatility (DEX),passive,Passive LPs,499950,0.0053239819903818,0.0598704444005954,0.0003208383047619,0.3208383047619,-0.0093822466838398,-8.47222091381254e-05,0.0043595097869188,0.0583301173642341,/home/danieledinosse/repositories/ABM_Uni_v3/paper/tables/run_paper_figures_blocksize_sources/model2_vol_dex/lvr_vs_blocksize/volatility_dex_flow_model2_vol_dex_runs50_B2to16_seed10_step1_2/dLVR_summary.csv
13,volatility_dex,Volatility (DEX),jiter,Jiter,173656,-0.0034762734812276,0.2103600442059492,0.0006240056849719,0.6240056849719,-0.3478510113423007,-0.0196833409724242,0.023422573129801,0.3005671575589568,/home/danieledinosse/repositories/ABM_Uni_v3/paper/tables/run_paper_figures_blocksize_sources/model2_vol_dex/lvr_vs_blocksize/volatility_dex_flow_model2_vol_dex_runs50_B2to16_seed10_step1_2/dLVR_summary.csv
14,static,Static,active,Active LPs,499950,0.1623954810351945,0.712389487986395,0.0228087668780762,22.8087668780762,-0.4623042959629619,-0.0117462372977579,0.1760112315961359,1.5993443007008117,/home/danieledinosse/repositories/ABM_Uni_v3/paper/tables/run_paper_figures_blocksize_sources/model2_static/lvr_vs_blocksize/static_flow_model2_static_runs50_B2to16_seed10_step1_6/dLVR_summary.csv
14,static,Static,passive,Passive LPs,499950,0.0059562729127137,0.1088358806940594,0.0007441951228238,0.7441951228238,-0.0437182527597459,-0.0005392420182363,0.0067943461155581,0.0896371837966488,/home/danieledinosse/repositories/ABM_Uni_v3/paper/tables/run_paper_figures_blocksize_sources/model2_static/lvr_vs_blocksize/static_flow_model2_static_runs50_B2to16_seed10_step1_6/dLVR_summary.csv
14,static,Static,jiter,Jiter,55,-0.2580434177831005,0.484414826773999,-0.0445597245489705,-44.5597245489705,-1.690079158168323,-0.1684886907918603,-0.0105556673800957,-0.002436950214246,/home/danieledinosse/repositories/ABM_Uni_v3/paper/tables/run_paper_figures_blocksize_sources/model2_static/lvr_vs_blocksize/static_flow_model2_static_runs50_B2to16_seed10_step1_6/dLVR_summary.csv
14,toxicity,Toxicity,active,Active LPs,499950,0.222080017189805,0.7586620757552078,0.022600238129313,22.600238129313,-0.1878848402269039,-0.0022865772028796,0.1782416268091028,1.9270893309010515,/home/danieledinosse/repositories/ABM_Uni_v3/paper/tables/run_paper_figures_blocksize_sources/model2_tox/lvr_vs_blocksize/toxicity_flow_model2_tox_runs50_B2to16_seed10_step1_2/dLVR_summary.csv
14,toxicity,Toxicity,passive,Passive LPs,499950,0.0053085943987974,0.0486809594760029,0.0004273657611818,0.42736576118180003,-0.006171260759021,-3.839932097578142e-05,0.0044882449250589,0.0546068156375368,/home/danieledinosse/repositories/ABM_Uni_v3/paper/tables/run_paper_figures_blocksize_sources/model2_tox/lvr_vs_blocksize/toxicity_flow_model2_tox_runs50_B2to16_seed10_step1_2/dLVR_summary.csv
14,toxicity,Toxicity,jiter,Jiter,238020,0.014815290324856,0.3782536640529503,0.0050420344131396,5.0420344131396,-0.5692587756073442,-0.0328231892035395,0.0632464589799894,0.6288266969796745,/home/danieledinosse/repositories/ABM_Uni_v3/paper/tables/run_paper_figures_blocksize_sources/model2_tox/lvr_vs_blocksize/toxicity_flow_model2_tox_runs50_B2to16_seed10_step1_2/dLVR_summary.csv
14,volatility_cex,Volatility (CEX),active,Active LPs,499950,0.2013957313426654,0.7157297018885735,0.0145357105418373,14.535710541837298,-0.1673468859507148,-0.0023503110488221,0.1550235354611565,1.7678872948175,/home/danieledinosse/repositories/ABM_Uni_v3/paper/tables/run_paper_figures_blocksize_sources/model2_vol_cex/lvr_vs_blocksize/volatility_cex_flow_model2_vol_cex_runs50_B2to16_seed10_step1_2/dLVR_summary.csv
14,volatility_cex,Volatility (CEX),passive,Passive LPs,499950,0.0055431211810675,0.0646110212837222,0.0003758785410735,0.3758785410735,-0.0078440618054568,-6.251715291423553e-05,0.0047233895433494,0.0535676024912354,/home/danieledinosse/repositories/ABM_Uni_v3/paper/tables/run_paper_figures_blocksize_sources/model2_vol_cex/lvr_vs_blocksize/volatility_cex_flow_model2_vol_cex_runs50_B2to16_seed10_step1_2/dLVR_summary.csv
14,volatility_cex,Volatility (CEX),jiter,Jiter,201480,0.0015853248087866,0.2170648799678227,0.0012615661217416,1.2615661217416,-0.3442429310124495,-0.0189474721587445,0.0273957667084539,0.3280696441569999,/home/danieledinosse/repositories/ABM_Uni_v3/paper/tables/run_paper_figures_blocksize_sources/model2_vol_cex/lvr_vs_blocksize/volatility_cex_flow_model2_vol_cex_runs50_B2to16_seed10_step1_2/dLVR_summary.csv
14,volatility_dex,Volatility (DEX),active,Active LPs,499950,0.1864439648866501,0.7128913751563992,0.0126387988265063,12.638798826506301,-0.2059159324210805,-0.0031059657804625,0.1437921831947055,1.693378727529241,/home/danieledinosse/repositories/ABM_Uni_v3/paper/tables/run_paper_figures_blocksize_sources/model2_vol_dex/lvr_vs_blocksize/volatility_dex_flow_model2_vol_dex_runs50_B2to16_seed10_step1_2/dLVR_summary.csv
14,volatility_dex,Volatility (DEX),passive,Passive LPs,499950,0.0056322472855025,0.0675332682858838,0.0003682094204779,0.3682094204779,-0.0106625487539093,-0.0001037186392818,0.0047822376838975,0.0619610040036033,/home/danieledinosse/repositories/ABM_Uni_v3/paper/tables/run_paper_figures_blocksize_sources/model2_vol_dex/lvr_vs_blocksize/volatility_dex_flow_model2_vol_dex_runs50_B2to16_seed10_step1_2/dLVR_summary.csv
14,volatility_dex,Volatility (DEX),jiter,Jiter,189826,-0.0019396647452002,0.2156256949241532,0.0007338533907063,0.7338533907063001,-0.3579363693715662,-0.0205708342113712,0.0252985976410932,0.3227973605470583,/home/danieledinosse/repositories/ABM_Uni_v3/paper/tables/run_paper_figures_blocksize_sources/model2_vol_dex/lvr_vs_blocksize/volatility_dex_flow_model2_vol_dex_runs50_B2to16_seed10_step1_2/dLVR_summary.csv
15,static,Static,active,Active LPs,499950,0.1679181670715402,0.7312599171227623,0.025159515357748,25.159515357748003,-0.4947447818528579,-0.0137830712626091,0.1877277232964193,1.6527565475613426,/home/danieledinosse/repositories/ABM_Uni_v3/paper/tables/run_paper_figures_blocksize_sources/model2_static/lvr_vs_blocksize/static_flow_model2_static_runs50_B2to16_seed10_step1_6/dLVR_summary.csv
15,static,Static,passive,Passive LPs,499950,0.0064826270863781,0.1197577944972523,0.0008440912053212,0.8440912053212,-0.0494358795592745,-0.0006592686696847,0.0075289733250144,0.0980931499389462,/home/danieledinosse/repositories/ABM_Uni_v3/paper/tables/run_paper_figures_blocksize_sources/model2_static/lvr_vs_blocksize/static_flow_model2_static_runs50_B2to16_seed10_step1_6/dLVR_summary.csv
15,static,Static,jiter,Jiter,62,-0.2141817215313558,0.3140044702849235,-0.0648559546942561,-64.8559546942561,-1.0800092000376993,-0.3123435686455122,-0.0097835186676781,0.0002042869647857,/home/danieledinosse/repositories/ABM_Uni_v3/paper/tables/run_paper_figures_blocksize_sources/model2_static/lvr_vs_blocksize/static_flow_model2_static_runs50_B2to16_seed10_step1_6/dLVR_summary.csv
15,toxicity,Toxicity,active,Active LPs,499950,0.2360948343234575,0.8259960636124861,0.02531789438049,25.31789438049,-0.1977956068578371,-0.0027496239262134,0.1920039457366782,2.0273023751607906,/home/danieledinosse/repositories/ABM_Uni_v3/paper/tables/run_paper_figures_blocksize_sources/model2_tox/lvr_vs_blocksize/toxicity_flow_model2_tox_runs50_B2to16_seed10_step1_2/dLVR_summary.csv
15,toxicity,Toxicity,passive,Passive LPs,499950,0.0057216213760467,0.0522041298584407,0.0004701728878696,0.4701728878696,-0.0066414474483046,-4.691967688809167e-05,0.0047530061824323,0.0591801681398884,/home/danieledinosse/repositories/ABM_Uni_v3/paper/tables/run_paper_figures_blocksize_sources/model2_tox/lvr_vs_blocksize/toxicity_flow_model2_tox_runs50_B2to16_seed10_step1_2/dLVR_summary.csv
15,toxicity,Toxicity,jiter,Jiter,249657,0.015535326764958,0.40011423858937,0.0054514953378372,5.4514953378371995,-0.5873468978541837,-0.0339934109183617,0.0663752170588196,0.6432851045409921,/home/danieledinosse/repositories/ABM_Uni_v3/paper/tables/run_paper_figures_blocksize_sources/model2_tox/lvr_vs_blocksize/toxicity_flow_model2_tox_runs50_B2to16_seed10_step1_2/dLVR_summary.csv
15,volatility_cex,Volatility (CEX),active,Active LPs,499950,0.2128045887508111,0.7328821697104239,0.016399369765628,16.399369765628,-0.1809204362836926,-0.0027126004101513,0.1670623797213712,1.8651779313281125,/home/danieledinosse/repositories/ABM_Uni_v3/paper/tables/run_paper_figures_blocksize_sources/model2_vol_cex/lvr_vs_blocksize/volatility_cex_flow_model2_vol_cex_runs50_B2to16_seed10_step1_2/dLVR_summary.csv
15,volatility_cex,Volatility (CEX),passive,Passive LPs,499950,0.0059928568766759,0.0668538461371519,0.0004255030560543,0.4255030560543,-0.0089321880334767,-7.47922136614754e-05,0.0051678503717998,0.058548931855437,/home/danieledinosse/repositories/ABM_Uni_v3/paper/tables/run_paper_figures_blocksize_sources/model2_vol_cex/lvr_vs_blocksize/volatility_cex_flow_model2_vol_cex_runs50_B2to16_seed10_step1_2/dLVR_summary.csv
15,volatility_cex,Volatility (CEX),jiter,Jiter,217434,0.0012779127009728,0.2272667083972741,0.001466563776513,1.4665637765130002,-0.3551459348114333,-0.0197247833224303,0.0294523786146907,0.3395236767069916,/home/danieledinosse/repositories/ABM_Uni_v3/paper/tables/run_paper_figures_blocksize_sources/model2_vol_cex/lvr_vs_blocksize/volatility_cex_flow_model2_vol_cex_runs50_B2to16_seed10_step1_2/dLVR_summary.csv
15,volatility_dex,Volatility (DEX),active,Active LPs,499950,0.200426160106043,0.7503591712413973,0.0140526454227978,14.052645422797799,-0.2229967022012973,-0.0035829925919686,0.1549636463223501,1.812266339107935,/home/danieledinosse/repositories/ABM_Uni_v3/paper/tables/run_paper_figures_blocksize_sources/model2_vol_dex/lvr_vs_blocksize/volatility_dex_flow_model2_vol_dex_runs50_B2to16_seed10_step1_2/dLVR_summary.csv
15,volatility_dex,Volatility (DEX),passive,Passive LPs,499950,0.0061229926527079,0.0696778943339667,0.0004027944492246,0.4027944492246,-0.0116376192153889,-0.0001190947016263,0.0051693443042752,0.0680382967298206,/home/danieledinosse/repositories/ABM_Uni_v3/paper/tables/run_paper_figures_blocksize_sources/model2_vol_dex/lvr_vs_blocksize/volatility_dex_flow_model2_vol_dex_runs50_B2to16_seed10_step1_2/dLVR_summary.csv
15,volatility_dex,Volatility (DEX),jiter,Jiter,201506,-0.000597259980945,0.2261537439971803,0.0007898858403192,0.7898858403192001,-0.3773958004987268,-0.0217093240807864,0.0275564915572736,0.3515652779893713,/home/danieledinosse/repositories/ABM_Uni_v3/paper/tables/run_paper_figures_blocksize_sources/model2_vol_dex/lvr_vs_blocksize/volatility_dex_flow_model2_vol_dex_runs50_B2to16_seed10_step1_2/dLVR_summary.csv
16,static,Static,active,Active LPs,499950,0.1770716624659402,0.7629015632302715,0.0270328259509804,27.0328259509804,-0.5340808218794233,-0.0159695246723569,0.2007537532558477,1.751507308872211,/home/danieledinosse/repositories/ABM_Uni_v3/paper/tables/run_paper_figures_blocksize_sources/model2_static/lvr_vs_blocksize/static_flow_model2_static_runs50_B2to16_seed10_step1_6/dLVR_summary.csv
16,static,Static,passive,Passive LPs,499950,0.007037687929925,0.121338105058024,0.0009093772071138,0.9093772071138,-0.0575223790408173,-0.000798310424743,0.0082764381803737,0.1099410123359853,/home/danieledinosse/repositories/ABM_Uni_v3/paper/tables/run_paper_figures_blocksize_sources/model2_static/lvr_vs_blocksize/static_flow_model2_static_runs50_B2to16_seed10_step1_6/dLVR_summary.csv
16,static,Static,jiter,Jiter,59,-0.225701266810157,0.2707662178905906,-0.1405558696388312,-140.5558696388312,-1.0349185326912218,-0.2789889059413319,-0.0435687622218393,-0.0033316587368554,/home/danieledinosse/repositories/ABM_Uni_v3/paper/tables/run_paper_figures_blocksize_sources/model2_static/lvr_vs_blocksize/static_flow_model2_static_runs50_B2to16_seed10_step1_6/dLVR_summary.csv
16,toxicity,Toxicity,active,Active LPs,499950,0.2519271513303365,0.8470250028817636,0.0278789513120033,27.878951312003302,-0.2154349822408353,-0.0032660816661989,0.209242018939788,2.179288535589309,/home/danieledinosse/repositories/ABM_Uni_v3/paper/tables/run_paper_figures_blocksize_sources/model2_tox/lvr_vs_blocksize/toxicity_flow_model2_tox_runs50_B2to16_seed10_step1_2/dLVR_summary.csv
16,toxicity,Toxicity,passive,Passive LPs,499950,0.0061418987837684,0.0551655417307288,0.000512280845366,0.512280845366,-0.0074455422170907,-5.472055497767445e-05,0.0051326374143387,0.0631437028807973,/home/danieledinosse/repositories/ABM_Uni_v3/paper/tables/run_paper_figures_blocksize_sources/model2_tox/lvr_vs_blocksize/toxicity_flow_model2_tox_runs50_B2to16_seed10_step1_2/dLVR_summary.csv
16,toxicity,Toxicity,jiter,Jiter,261646,0.016086313910542,0.4020697901272476,0.0055768616544469,5.5768616544469,-0.6287889824236921,-0.0370677970689296,0.0707559869017533,0.6755169694310944,/home/danieledinosse/repositories/ABM_Uni_v3/paper/tables/run_paper_figures_blocksize_sources/model2_tox/lvr_vs_blocksize/toxicity_flow_model2_tox_runs50_B2to16_seed10_step1_2/dLVR_summary.csv
16,volatility_cex,Volatility (CEX),active,Active LPs,499950,0.2257622411478528,0.780791756638023,0.0178118009578584,17.8118009578584,-0.1946322878841816,-0.0031002693023909,0.179381954288533,1.9853175842218596,/home/danieledinosse/repositories/ABM_Uni_v3/paper/tables/run_paper_figures_blocksize_sources/model2_vol_cex/lvr_vs_blocksize/volatility_cex_flow_model2_vol_cex_runs50_B2to16_seed10_step1_2/dLVR_summary.csv
16,volatility_cex,Volatility (CEX),passive,Passive LPs,499950,0.0062653913233764,0.0685352754457279,0.000449452738323,0.449452738323,-0.0095207435879288,-8.25170559477156e-05,0.0053736190545824,0.0614928631939133,/home/danieledinosse/repositories/ABM_Uni_v3/paper/tables/run_paper_figures_blocksize_sources/model2_vol_cex/lvr_vs_blocksize/volatility_cex_flow_model2_vol_cex_runs50_B2to16_seed10_step1_2/dLVR_summary.csv
16,volatility_cex,Volatility (CEX),jiter,Jiter,230014,0.0021519826419986,0.2344011503694832,0.0015417239504496,1.5417239504495999,-0.3668653032188244,-0.0206268863104122,0.0309763950784266,0.3539150040685343,/home/danieledinosse/repositories/ABM_Uni_v3/paper/tables/run_paper_figures_blocksize_sources/model2_vol_cex/lvr_vs_blocksize/volatility_cex_flow_model2_vol_cex_runs50_B2to16_seed10_step1_2/dLVR_summary.csv
16,volatility_dex,Volatility (DEX),active,Active LPs,499950,0.210388071151186,0.7748643727032104,0.0156794913102755,15.6794913102755,-0.2365634009751814,-0.0039814584763867,0.1667646216044688,1.8834818241458355,/home/danieledinosse/repositories/ABM_Uni_v3/paper/tables/run_paper_figures_blocksize_sources/model2_vol_dex/lvr_vs_blocksize/volatility_dex_flow_model2_vol_dex_runs50_B2to16_seed10_step1_2/dLVR_summary.csv
16,volatility_dex,Volatility (DEX),passive,Passive LPs,499950,0.0064255191445275,0.0662660708466777,0.0004471435803447,0.4471435803447,-0.0126604752434335,-0.0001339922593804,0.0055449480405019,0.0715350779063544,/home/danieledinosse/repositories/ABM_Uni_v3/paper/tables/run_paper_figures_blocksize_sources/model2_vol_dex/lvr_vs_blocksize/volatility_dex_flow_model2_vol_dex_runs50_B2to16_seed10_step1_2/dLVR_summary.csv
16,volatility_dex,Volatility (DEX),jiter,Jiter,217090,-0.0003461025294212,0.2359627258390017,0.0009256862416277,0.9256862416277001,-0.3810120020994922,-0.022823941069547,0.0293539006006975,0.3552551277880824,/home/danieledinosse/repositories/ABM_Uni_v3/paper/tables/run_paper_figures_blocksize_sources/model2_vol_dex/lvr_vs_blocksize/volatility_dex_flow_model2_vol_dex_runs50_B2to16_seed10_step1_2/dLVR_summary.csv
