block_time,fee_schedule,fee_schedule_label,cohort,cohort_label,n,mean,std,median_R,p2_5,p25,p75,p97_5,source
2,static,Static,active,Active LPs,17352790,6.01305585201276,13605.671080470618,2.197974624667366,-8.066758189414347,-0.0556938380195863,4.176038719745321,14.002815918764735,/mnt/external/scenarios/model2_static/lvr_vs_blocksize/static_flow_model2_static_runs50_B2to16_seed10_step1_6/dLVR_over_dFees_summary.csv
2,static,Static,passive,Passive LPs,17366716,2.1522457573187235,6.047657177354363,2.161158407688359,-8.29971513730292,-0.0765596265385672,4.094397203984141,13.705487634430304,/mnt/external/scenarios/model2_static/lvr_vs_blocksize/static_flow_model2_static_runs50_B2to16_seed10_step1_6/dLVR_over_dFees_summary.csv
2,static,Static,jiter,Jiter,288,-7.99825210566524,6.138543320809364,-6.676750069712728,-22.762450307041384,-8.607375645838399,-4.811727265454393,-1.764245126146099,/mnt/external/scenarios/model2_static/lvr_vs_blocksize/static_flow_model2_static_runs50_B2to16_seed10_step1_6/dLVR_over_dFees_summary.csv
2,toxicity,Toxicity,active,Active LPs,3662373,0.7882179612600481,226.86577447579683,1.078367851145791,-1.8723550739621224,0.4386915462811228,1.3015390319362663,2.586845448704198,/mnt/external/scenarios/model2_tox/lvr_vs_blocksize/toxicity_flow_model2_tox_runs50_B2to16_seed10_step1_2/dLVR_over_dFees_summary.csv
2,toxicity,Toxicity,passive,Passive LPs,3668341,0.7360201036808575,1.369027050572276,1.068441022697494,-1.865655215411805,0.4279299958984813,1.2811883736524368,2.421777151043811,/mnt/external/scenarios/model2_tox/lvr_vs_blocksize/toxicity_flow_model2_tox_runs50_B2to16_seed10_step1_2/dLVR_over_dFees_summary.csv
2,toxicity,Toxicity,jiter,Jiter,318289,0.0356689767989253,1.2046357896871704,0.5717915788545306,-2.0653406890038903,-1.0721252184629133,1.007600092772473,1.6794460966743296,/mnt/external/scenarios/model2_tox/lvr_vs_blocksize/toxicity_flow_model2_tox_runs50_B2to16_seed10_step1_2/dLVR_over_dFees_summary.csv
2,volatility_cex,Volatility (CEX),active,Active LPs,3960324,3.813231145423696,4768.290493736629,1.297709976256157,-2.802496843151584,0.3099056275212574,1.9018263428624516,4.89698761892021,/mnt/external/scenarios/model2_vol_cex/lvr_vs_blocksize/volatility_cex_flow_model2_vol_cex_runs50_B2to16_seed10_step1_2/dLVR_over_dFees_summary.csv
2,volatility_cex,Volatility (CEX),passive,Passive LPs,3963257,1.0833464317602148,2.0956443752977463,1.2799097113792368,-2.793952480589746,0.2979376318548281,1.865000706188512,4.71434166059934,/mnt/external/scenarios/model2_vol_cex/lvr_vs_blocksize/volatility_cex_flow_model2_vol_cex_runs50_B2to16_seed10_step1_2/dLVR_over_dFees_summary.csv
2,volatility_cex,Volatility (CEX),jiter,Jiter,137183,-0.3306800723695844,1.6606053094967044,-0.1588791820559356,-3.769541989022644,-1.36034081067605,0.8612364231193819,2.3906042438295474,/mnt/external/scenarios/model2_vol_cex/lvr_vs_blocksize/volatility_cex_flow_model2_vol_cex_runs50_B2to16_seed10_step1_2/dLVR_over_dFees_summary.csv
2,volatility_dex,Volatility (DEX),active,Active LPs,3833432,2341.4353331969933,4580670.522361642,1.4219317659684592,-4.351699962796777,0.129221727995144,2.5941427769662315,9.317595030647515,/mnt/external/scenarios/model2_vol_dex/lvr_vs_blocksize/volatility_dex_flow_model2_vol_dex_runs50_B2to16_seed10_step1_2/dLVR_over_dFees_summary.csv
2,volatility_dex,Volatility (DEX),passive,Passive LPs,3839335,1.520514693020596,3.81404647515908,1.393823052135483,-4.371227272874531,0.1179648017700441,2.529194257034933,8.960422954521137,/mnt/external/scenarios/model2_vol_dex/lvr_vs_blocksize/volatility_dex_flow_model2_vol_dex_runs50_B2to16_seed10_step1_2/dLVR_over_dFees_summary.csv
2,volatility_dex,Volatility (DEX),jiter,Jiter,126059,-0.4043214890265243,1.67304156484845,-0.2768368659212418,-3.987930735369008,-1.2751816392908544,0.7449793780089282,2.1792896581621,/mnt/external/scenarios/model2_vol_dex/lvr_vs_blocksize/volatility_dex_flow_model2_vol_dex_runs50_B2to16_seed10_step1_2/dLVR_over_dFees_summary.csv
3,static,Static,active,Active LPs,20045466,8.23849914477098,18565.863158872293,2.148581547847926,-10.818986167211174,-0.6146042865032392,4.893720155857107,16.823947821412187,/mnt/external/scenarios/model2_static/lvr_vs_blocksize/static_flow_model2_static_runs50_B2to16_seed10_step1_6/dLVR_over_dFees_summary.csv
3,static,Static,passive,Passive LPs,20061153,2.1489389445691,8.060584543761305,2.0963113449067223,-11.68923712531072,-0.6515070827318487,4.784099741297645,16.845077018028373,/mnt/external/scenarios/model2_static/lvr_vs_blocksize/static_flow_model2_static_runs50_B2to16_seed10_step1_6/dLVR_over_dFees_summary.csv
3,static,Static,jiter,Jiter,757,-8.073746418526897,6.537227397873001,-6.767246632755466,-24.49126591171223,-9.960852426951146,-4.2772530987533495,-0.5196924776913897,/mnt/external/scenarios/model2_static/lvr_vs_blocksize/static_flow_model2_static_runs50_B2to16_seed10_step1_6/dLVR_over_dFees_summary.csv
3,toxicity,Toxicity,active,Active LPs,4178819,3.664318731184236,3106.6936774750825,1.0010776836035218,-1.987312178859986,0.1779915587963303,1.2887691417016531,2.7699192692635988,/mnt/external/scenarios/model2_tox/lvr_vs_blocksize/toxicity_flow_model2_tox_runs50_B2to16_seed10_step1_2/dLVR_over_dFees_summary.csv
3,toxicity,Toxicity,passive,Passive LPs,4186707,0.6598580419904774,1.4222674578080896,0.9868981463554864,-1.9891985786322683,0.1665552061621726,1.2646196476937963,2.564802187969396,/mnt/external/scenarios/model2_tox/lvr_vs_blocksize/toxicity_flow_model2_tox_runs50_B2to16_seed10_step1_2/dLVR_over_dFees_summary.csv
3,toxicity,Toxicity,jiter,Jiter,566203,0.0788138587914185,1.2050991376493565,0.5822084780617056,-2.0158812434117857,-1.0250396264389685,1.0201905278902852,1.7715425620947292,/mnt/external/scenarios/model2_tox/lvr_vs_blocksize/toxicity_flow_model2_tox_runs50_B2to16_seed10_step1_2/dLVR_over_dFees_summary.csv
3,volatility_cex,Volatility (CEX),active,Active LPs,4370640,1.33510177334196,1335.8095075605834,1.1331901298831646,-2.753308521815039,0.0605459997214811,1.80265863611076,4.625134752129448,/mnt/external/scenarios/model2_vol_cex/lvr_vs_blocksize/volatility_cex_flow_model2_vol_cex_runs50_B2to16_seed10_step1_2/dLVR_over_dFees_summary.csv
3,volatility_cex,Volatility (CEX),passive,Passive LPs,4373985,0.9266539386659224,2.0057799048005305,1.1113675078310377,-2.752398823549958,0.0493194090797086,1.761056818965525,4.413729242467542,/mnt/external/scenarios/model2_vol_cex/lvr_vs_blocksize/volatility_cex_flow_model2_vol_cex_runs50_B2to16_seed10_step1_2/dLVR_over_dFees_summary.csv
3,volatility_cex,Volatility (CEX),jiter,Jiter,305819,-0.2081107679685372,1.6385330011007997,-0.0493485901456738,-3.494579809751416,-1.2393409025658833,0.9119500783175032,2.5566623736476046,/mnt/external/scenarios/model2_vol_cex/lvr_vs_blocksize/volatility_cex_flow_model2_vol_cex_runs50_B2to16_seed10_step1_2/dLVR_over_dFees_summary.csv
3,volatility_dex,Volatility (DEX),active,Active LPs,4296983,2.132961985261516,651.8783049413141,1.1981930395620557,-3.841517268031746,-0.0677293250079751,2.324617472230609,7.890496126065411,/mnt/external/scenarios/model2_vol_dex/lvr_vs_blocksize/volatility_dex_flow_model2_vol_dex_runs50_B2to16_seed10_step1_2/dLVR_over_dFees_summary.csv
3,volatility_dex,Volatility (DEX),passive,Passive LPs,4305665,1.2343036615269751,3.154308517854799,1.1671764688056645,-3.8797111472287216,-0.0783805451191151,2.251868603496256,7.494893897794981,/mnt/external/scenarios/model2_vol_dex/lvr_vs_blocksize/volatility_dex_flow_model2_vol_dex_runs50_B2to16_seed10_step1_2/dLVR_over_dFees_summary.csv
3,volatility_dex,Volatility (DEX),jiter,Jiter,294150,-0.2871356552351657,1.687093528271352,-0.1627643875922543,-3.79794270718783,-1.1800409020822893,0.8137034595180082,2.463888493080989,/mnt/external/scenarios/model2_vol_dex/lvr_vs_blocksize/volatility_dex_flow_model2_vol_dex_runs50_B2to16_seed10_step1_2/dLVR_over_dFees_summary.csv
4,static,Static,active,Active LPs,21803216,12.800608524970954,16749.098116697693,2.0578036453700888,-13.569016605912491,-1.1030735512761027,5.521533313571945,19.784970180797902,/mnt/external/scenarios/model2_static/lvr_vs_blocksize/static_flow_model2_static_runs50_B2to16_seed10_step1_6/dLVR_over_dFees_summary.csv
4,static,Static,passive,Passive LPs,21818430,2.147391782921009,10.369305436604948,1.9940424248736228,-15.616265042447235,-1.1627701085179134,5.403939773554385,20.620397776764992,/mnt/external/scenarios/model2_static/lvr_vs_blocksize/static_flow_model2_static_runs50_B2to16_seed10_step1_6/dLVR_over_dFees_summary.csv
4,static,Static,jiter,Jiter,1575,-9.61745703856795,8.378000474758773,-7.705929493576064,-32.16544484668582,-11.876876987876862,-4.58018627299385,-0.3710932739831986,/mnt/external/scenarios/model2_static/lvr_vs_blocksize/static_flow_model2_static_runs50_B2to16_seed10_step1_6/dLVR_over_dFees_summary.csv
4,toxicity,Toxicity,active,Active LPs,4570783,2246.278645526918,4778698.236486396,0.9312126274299152,-2.0363816694610386,0.0448517538128599,1.2762145358679122,2.8863548480427497,/mnt/external/scenarios/model2_tox/lvr_vs_blocksize/toxicity_flow_model2_tox_runs50_B2to16_seed10_step1_2/dLVR_over_dFees_summary.csv
4,toxicity,Toxicity,passive,Passive LPs,4580700,0.6126184043669765,1.457851263876074,0.913830398618549,-2.0519351299837174,0.0339025252566065,1.2502646867546534,2.6512984888047613,/mnt/external/scenarios/model2_tox/lvr_vs_blocksize/toxicity_flow_model2_tox_runs50_B2to16_seed10_step1_2/dLVR_over_dFees_summary.csv
4,toxicity,Toxicity,jiter,Jiter,829993,0.105154849102811,1.2139279442880138,0.5876059849957439,-1.9960093024609176,-0.9941410092344524,1.0295199518377316,1.838269056495113,/mnt/external/scenarios/model2_tox/lvr_vs_blocksize/toxicity_flow_model2_tox_runs50_B2to16_seed10_step1_2/dLVR_over_dFees_summary.csv
4,volatility_cex,Volatility (CEX),active,Active LPs,4698570,11.575117973655708,19224.804072696723,1.0032758709773235,-2.6926201457114,-0.0379490509651925,1.7296092348794756,4.446937275896734,/mnt/external/scenarios/model2_vol_cex/lvr_vs_blocksize/volatility_cex_flow_model2_vol_cex_runs50_B2to16_seed10_step1_2/dLVR_over_dFees_summary.csv
4,volatility_cex,Volatility (CEX),passive,Passive LPs,4702686,0.8293685598717082,2.378698670573097,0.9781266988679348,-2.704320023435474,-0.0500223885938375,1.6869994378730144,4.224413260897624,/mnt/external/scenarios/model2_vol_cex/lvr_vs_blocksize/volatility_cex_flow_model2_vol_cex_runs50_B2to16_seed10_step1_2/dLVR_over_dFees_summary.csv
4,volatility_cex,Volatility (CEX),jiter,Jiter,513967,-0.1192292262331086,1.63366331853126,0.0340291021731133,-3.3554947132057245,-1.1549089198052025,0.9516821571184598,2.679049309158573,/mnt/external/scenarios/model2_vol_cex/lvr_vs_blocksize/volatility_cex_flow_model2_vol_cex_runs50_B2to16_seed10_step1_2/dLVR_over_dFees_summary.csv
4,volatility_dex,Volatility (DEX),active,Active LPs,4650854,442525.56221544,954332852.3455144,1.0359123855835342,-3.551261285872465,-0.1546342441035358,2.1545966424063407,7.109598473825557,/mnt/external/scenarios/model2_vol_dex/lvr_vs_blocksize/volatility_dex_flow_model2_vol_dex_runs50_B2to16_seed10_step1_2/dLVR_over_dFees_summary.csv
4,volatility_dex,Volatility (DEX),passive,Passive LPs,4662073,1.0662052429047222,2.8382467520711776,1.0054516294968794,-3.608092273625392,-0.1665851879469445,2.0780090235061417,6.711126263700041,/mnt/external/scenarios/model2_vol_dex/lvr_vs_blocksize/volatility_dex_flow_model2_vol_dex_runs50_B2to16_seed10_step1_2/dLVR_over_dFees_summary.csv
4,volatility_dex,Volatility (DEX),jiter,Jiter,511997,-0.201447523815378,1.7073317791624154,-0.093351755002472,-3.668496739698455,-1.1168504836833324,0.8654456314606042,2.696303487073916,/mnt/external/scenarios/model2_vol_dex/lvr_vs_blocksize/volatility_dex_flow_model2_vol_dex_runs50_B2to16_seed10_step1_2/dLVR_over_dFees_summary.csv
5,static,Static,active,Active LPs,23019110,17.09204052706086,57017.5774365995,1.9485604027696768,-16.299722347202586,-1.583869056723183,6.099369762432416,22.759018347957387,/mnt/external/scenarios/model2_static/lvr_vs_blocksize/static_flow_model2_static_runs50_B2to16_seed10_step1_6/dLVR_over_dFees_summary.csv
5,static,Static,passive,Passive LPs,23031801,2.157112294307257,13.535167662999402,1.876884881891458,-20.053368720647494,-1.6803150205920183,5.99387797203558,24.98593453301145,/mnt/external/scenarios/model2_static/lvr_vs_blocksize/static_flow_model2_static_runs50_B2to16_seed10_step1_6/dLVR_over_dFees_summary.csv
5,static,Static,jiter,Jiter,2760,-11.15220918546425,10.31244680412138,-8.385450405986855,-36.26129745832191,-13.876910191310492,-5.141831374804437,-0.3936481466644017,/mnt/external/scenarios/model2_static/lvr_vs_blocksize/static_flow_model2_static_runs50_B2to16_seed10_step1_6/dLVR_over_dFees_summary.csv
5,toxicity,Toxicity,active,Active LPs,4878072,2537.683166399071,5469962.370620273,0.8689792176006281,-2.053136046933185,-0.0210470608944932,1.2616072853396334,2.952496934337661,/mnt/external/scenarios/model2_tox/lvr_vs_blocksize/toxicity_flow_model2_tox_runs50_B2to16_seed10_step1_2/dLVR_over_dFees_summary.csv
5,toxicity,Toxicity,passive,Passive LPs,4888735,0.5767815991484381,1.7201937054743075,0.8491528511244097,-2.081877212711187,-0.0330738958280715,1.234853012709141,2.7044652017307813,/mnt/external/scenarios/model2_tox/lvr_vs_blocksize/toxicity_flow_model2_tox_runs50_B2to16_seed10_step1_2/dLVR_over_dFees_summary.csv
5,toxicity,Toxicity,jiter,Jiter,1079253,0.1189904642190759,1.215215865449979,0.5766500238619087,-1.988627506404618,-0.9722004169377584,1.034842913319299,1.8874165194567976,/mnt/external/scenarios/model2_tox/lvr_vs_blocksize/toxicity_flow_model2_tox_runs50_B2to16_seed10_step1_2/dLVR_over_dFees_summary.csv
5,volatility_cex,Volatility (CEX),active,Active LPs,4971960,544.3537724900237,790252.7447172671,0.8963056966231553,-2.629204096941063,-0.0965479353589459,1.6714169263044991,4.309034600145926,/mnt/external/scenarios/model2_vol_cex/lvr_vs_blocksize/volatility_cex_flow_model2_vol_cex_runs50_B2to16_seed10_step1_2/dLVR_over_dFees_summary.csv
5,volatility_cex,Volatility (CEX),passive,Passive LPs,4976150,0.7655647010548672,1.960714031213601,0.8690317106030993,-2.652119479166588,-0.1101432072428942,1.62930046557614,4.098926676093174,/mnt/external/scenarios/model2_vol_cex/lvr_vs_blocksize/volatility_cex_flow_model2_vol_cex_runs50_B2to16_seed10_step1_2/dLVR_over_dFees_summary.csv
5,volatility_cex,Volatility (CEX),jiter,Jiter,744667,-0.0658506890021987,1.62236242019735,0.0746569787780913,-3.2479753122064605,-1.0976233902009829,0.9763656001135824,2.7768429148827733,/mnt/external/scenarios/model2_vol_cex/lvr_vs_blocksize/volatility_cex_flow_model2_vol_cex_runs50_B2to16_seed10_step1_2/dLVR_over_dFees_summary.csv
5,volatility_dex,Volatility (DEX),active,Active LPs,4940096,3.1285319147684083,3846.138703771167,0.9084284045996875,-3.3462545178750016,-0.197337109268802,2.0337556499390024,6.6219960540891805,/mnt/external/scenarios/model2_vol_dex/lvr_vs_blocksize/volatility_dex_flow_model2_vol_dex_runs50_B2to16_seed10_step1_2/dLVR_over_dFees_summary.csv
5,volatility_dex,Volatility (DEX),passive,Passive LPs,4953501,0.9666718070411084,9.58978422345045,0.8777211333489597,-3.422927693195009,-0.2107100974203993,1.955586607172253,6.237883226818928,/mnt/external/scenarios/model2_vol_dex/lvr_vs_blocksize/volatility_dex_flow_model2_vol_dex_runs50_B2to16_seed10_step1_2/dLVR_over_dFees_summary.csv
5,volatility_dex,Volatility (DEX),jiter,Jiter,762443,-0.1367772814881636,1.7119251970356284,-0.0427343471688957,-3.56248677463609,-1.0667711212648667,0.9045288381857208,2.833894122212871,/mnt/external/scenarios/model2_vol_dex/lvr_vs_blocksize/volatility_dex_flow_model2_vol_dex_runs50_B2to16_seed10_step1_2/dLVR_over_dFees_summary.csv
6,static,Static,active,Active LPs,23855509,19.83609236731124,34583.764769972586,1.826578858731308,-18.965561785885363,-2.0645898505462634,6.625999206874591,25.73478427465449,/mnt/external/scenarios/model2_static/lvr_vs_blocksize/static_flow_model2_static_runs50_B2to16_seed10_step1_6/dLVR_over_dFees_summary.csv
6,static,Static,passive,Passive LPs,23863081,2.1867740782979888,34.72077875603371,1.7492892203358603,-24.84302841739172,-2.21292530951512,6.552841798283286,29.895689591819536,/mnt/external/scenarios/model2_static/lvr_vs_blocksize/static_flow_model2_static_runs50_B2to16_seed10_step1_6/dLVR_over_dFees_summary.csv
6,static,Static,jiter,Jiter,4162,-12.195716235217745,11.921704496357648,-9.295284476496626,-42.6378523501037,-15.481911206302907,-5.284141250409215,-0.2483601478402796,/mnt/external/scenarios/model2_static/lvr_vs_blocksize/static_flow_model2_static_runs50_B2to16_seed10_step1_6/dLVR_over_dFees_summary.csv
6,toxicity,Toxicity,active,Active LPs,5131549,13555.660473565284,23120606.922558803,0.8169096256430842,-2.048320365933973,-0.0603138471668923,1.246248345715279,2.989041364763463,/mnt/external/scenarios/model2_tox/lvr_vs_blocksize/toxicity_flow_model2_tox_runs50_B2to16_seed10_step1_2/dLVR_over_dFees_summary.csv
6,toxicity,Toxicity,passive,Passive LPs,5142310,0.5623500303275684,18.604064013998947,0.7960590064190682,-2.0941219003105087,-0.0744607575102993,1.2213677166272874,2.750686067671806,/mnt/external/scenarios/model2_tox/lvr_vs_blocksize/toxicity_flow_model2_tox_runs50_B2to16_seed10_step1_2/dLVR_over_dFees_summary.csv
6,toxicity,Toxicity,jiter,Jiter,1318472,0.1326341441432389,1.2155867837062402,0.5745120762360124,-1.98297853289041,-0.9537646581728088,1.0394927838847274,1.9305089314233232,/mnt/external/scenarios/model2_tox/lvr_vs_blocksize/toxicity_flow_model2_tox_runs50_B2to16_seed10_step1_2/dLVR_over_dFees_summary.csv
6,volatility_cex,Volatility (CEX),active,Active LPs,5196206,-2039.3416857391608,6201476.260999288,0.8140854042747181,-2.571559637742635,-0.12945878657856,1.6234964354975578,4.209873428765477,/mnt/external/scenarios/model2_vol_cex/lvr_vs_blocksize/volatility_cex_flow_model2_vol_cex_runs50_B2to16_seed10_step1_2/dLVR_over_dFees_summary.csv
6,volatility_cex,Volatility (CEX),passive,Passive LPs,5200203,0.7224394550247093,2.2429519913821605,0.7863866735001482,-2.6066281206157904,-0.1443135848855235,1.5821515314536665,4.013598040058295,/mnt/external/scenarios/model2_vol_cex/lvr_vs_blocksize/volatility_cex_flow_model2_vol_cex_runs50_B2to16_seed10_step1_2/dLVR_over_dFees_summary.csv
6,volatility_cex,Volatility (CEX),jiter,Jiter,987195,-0.0189963380627573,1.6088073653669286,0.1130423382314526,-3.1687178255500457,-1.0491873735071158,1.003491778829844,2.843544269641665,/mnt/external/scenarios/model2_vol_cex/lvr_vs_blocksize/volatility_cex_flow_model2_vol_cex_runs50_B2to16_seed10_step1_2/dLVR_over_dFees_summary.csv
6,volatility_dex,Volatility (DEX),active,Active LPs,5173215,578.9284896926646,1002057.7089785766,0.8126763025885717,-3.203592457617298,-0.2202836194846753,1.9429293450714376,6.303665552903617,/mnt/external/scenarios/model2_vol_dex/lvr_vs_blocksize/volatility_dex_flow_model2_vol_dex_runs50_B2to16_seed10_step1_2/dLVR_over_dFees_summary.csv
6,volatility_dex,Volatility (DEX),passive,Passive LPs,5187472,0.8948642063204426,3.126352558120712,0.7823683459405009,-3.292928336488904,-0.2339254627645548,1.865673760989356,5.943041641075381,/mnt/external/scenarios/model2_vol_dex/lvr_vs_blocksize/volatility_dex_flow_model2_vol_dex_runs50_B2to16_seed10_step1_2/dLVR_over_dFees_summary.csv
6,volatility_dex,Volatility (DEX),jiter,Jiter,1015779,-0.0860468031480235,1.7012825039356851,-0.0010237270754043,-3.485584423800652,-1.0318132000027156,0.933265003096556,2.944142190247657,/mnt/external/scenarios/model2_vol_dex/lvr_vs_blocksize/volatility_dex_flow_model2_vol_dex_runs50_B2to16_seed10_step1_2/dLVR_over_dFees_summary.csv
7,static,Static,active,Active LPs,24428273,11.842366591910151,12398.079324226168,1.7129080308268323,-21.2728938890093,-2.48557197179664,7.086735653838038,28.43491855462628,/mnt/external/scenarios/model2_static/lvr_vs_blocksize/static_flow_model2_static_runs50_B2to16_seed10_step1_6/dLVR_over_dFees_summary.csv
7,static,Static,passive,Passive LPs,24428959,2.175092874607737,265.7144997321843,1.6331297186376104,-29.106869708969203,-2.698322474386858,7.064591822324632,34.64358413699658,/mnt/external/scenarios/model2_static/lvr_vs_blocksize/static_flow_model2_static_runs50_B2to16_seed10_step1_6/dLVR_over_dFees_summary.csv
7,static,Static,jiter,Jiter,5624,-13.384601231169691,13.02939536325846,-10.121755334983852,-47.03255942937899,-16.787881050526924,-5.659135424378373,-0.2653019865511561,/mnt/external/scenarios/model2_static/lvr_vs_blocksize/static_flow_model2_static_runs50_B2to16_seed10_step1_6/dLVR_over_dFees_summary.csv
7,toxicity,Toxicity,active,Active LPs,5337081,129317.09458725453,298673302.2613502,0.7714157839149236,-2.0336643861609702,-0.0861980850699954,1.2324277268804686,3.019124094266521,/mnt/external/scenarios/model2_tox/lvr_vs_blocksize/toxicity_flow_model2_tox_runs50_B2to16_seed10_step1_2/dLVR_over_dFees_summary.csv
7,toxicity,Toxicity,passive,Passive LPs,5347433,0.5382996653902571,2.439356924643279,0.7501754801091058,-2.099354599709557,-0.1021880565366543,1.20871641180661,2.794286037649632,/mnt/external/scenarios/model2_tox/lvr_vs_blocksize/toxicity_flow_model2_tox_runs50_B2to16_seed10_step1_2/dLVR_over_dFees_summary.csv
7,toxicity,Toxicity,jiter,Jiter,1551016,0.1404805707697684,1.2181797464214004,0.5620634248358848,-1.976039076593336,-0.9380810094561026,1.042939726520966,1.9595298719747376,/mnt/external/scenarios/model2_tox/lvr_vs_blocksize/toxicity_flow_model2_tox_runs50_B2to16_seed10_step1_2/dLVR_over_dFees_summary.csv
7,volatility_cex,Volatility (CEX),active,Active LPs,5384671,1.855143261553472,506.7569842924632,0.7459446462487389,-2.509474702187389,-0.1477068229646958,1.5809158736396056,4.119951495703425,/mnt/external/scenarios/model2_vol_cex/lvr_vs_blocksize/volatility_cex_flow_model2_vol_cex_runs50_B2to16_seed10_step1_2/dLVR_over_dFees_summary.csv
7,volatility_cex,Volatility (CEX),passive,Passive LPs,5388031,0.6939906260346683,4.046199620763902,0.7187842935669346,-2.5624799851601288,-0.1638871461745875,1.5425213461362637,3.96326924683858,/mnt/external/scenarios/model2_vol_cex/lvr_vs_blocksize/volatility_cex_flow_model2_vol_cex_runs50_B2to16_seed10_step1_2/dLVR_over_dFees_summary.csv
7,volatility_cex,Volatility (CEX),jiter,Jiter,1232505,0.0127690350369663,1.6031867575058374,0.1329297010977364,-3.108269267208427,-1.014633215880835,1.021510247064899,2.899052085254181,/mnt/external/scenarios/model2_vol_cex/lvr_vs_blocksize/volatility_cex_flow_model2_vol_cex_runs50_B2to16_seed10_step1_2/dLVR_over_dFees_summary.csv
7,volatility_dex,Volatility (DEX),active,Active LPs,5365815,748.1253234706147,1727467.792456824,0.7312937442303933,-3.0667873097004583,-0.2322017064558715,1.855887343363132,6.041281871635196,/mnt/external/scenarios/model2_vol_dex/lvr_vs_blocksize/volatility_dex_flow_model2_vol_dex_runs50_B2to16_seed10_step1_2/dLVR_over_dFees_summary.csv
7,volatility_dex,Volatility (DEX),passive,Passive LPs,5380939,0.8406241482101849,3.648112693862485,0.7018584540168126,-3.178476340099269,-0.2474707258388122,1.7796226567501503,5.724180875197676,/mnt/external/scenarios/model2_vol_dex/lvr_vs_blocksize/volatility_dex_flow_model2_vol_dex_runs50_B2to16_seed10_step1_2/dLVR_over_dFees_summary.csv
7,volatility_dex,Volatility (DEX),jiter,Jiter,1303189,-0.0534599516544577,1.703825244819053,0.025819085792442,-3.444928875138714,-1.0058722741640915,0.9506452937068258,3.0245216471632204,/mnt/external/scenarios/model2_vol_dex/lvr_vs_blocksize/volatility_dex_flow_model2_vol_dex_runs50_B2to16_seed10_step1_2/dLVR_over_dFees_summary.csv
8,static,Static,active,Active LPs,24839010,8.54939297711317,17113.518347224242,1.596703247621925,-23.61064168513436,-2.931398972131188,7.528047135818403,31.093338288458085,/mnt/external/scenarios/model2_static/lvr_vs_blocksize/static_flow_model2_static_runs50_B2to16_seed10_step1_6/dLVR_over_dFees_summary.csv
8,static,Static,passive,Passive LPs,24832106,2.3056441969714774,130.31939368497646,1.5152352354115834,-33.42611931927898,-3.2227060238945677,7.580771137181507,39.78676100422395,/mnt/external/scenarios/model2_static/lvr_vs_blocksize/static_flow_model2_static_runs50_B2to16_seed10_step1_6/dLVR_over_dFees_summary.csv
8,static,Static,jiter,Jiter,7368,-14.466591738223975,13.738662246883443,-10.934259572765985,-51.35535707162105,-18.4330920925293,-6.187579962885379,-0.2331984232031638,/mnt/external/scenarios/model2_static/lvr_vs_blocksize/static_flow_model2_static_runs50_B2to16_seed10_step1_6/dLVR_over_dFees_summary.csv
8,toxicity,Toxicity,active,Active LPs,5505359,52738.43234257738,115860227.00599824,0.7324576486394693,-2.0141666877110267,-0.1030250966223693,1.21875479234899,3.0266119973654657,/mnt/external/scenarios/model2_tox/lvr_vs_blocksize/toxicity_flow_model2_tox_runs50_B2to16_seed10_step1_2/dLVR_over_dFees_summary.csv
8,toxicity,Toxicity,passive,Passive LPs,5514287,0.5250013107933628,5.107265869241491,0.7107782653271176,-2.096234323228863,-0.1207756897722688,1.1967156751740116,2.826235254380688,/mnt/external/scenarios/model2_tox/lvr_vs_blocksize/toxicity_flow_model2_tox_runs50_B2to16_seed10_step1_2/dLVR_over_dFees_summary.csv
8,toxicity,Toxicity,jiter,Jiter,1773518,0.1474698291069936,1.221672548681689,0.5532294183471673,-1.978501104046204,-0.9255631660849784,1.0460862143260758,1.9953789292694823,/mnt/external/scenarios/model2_tox/lvr_vs_blocksize/toxicity_flow_model2_tox_runs50_B2to16_seed10_step1_2/dLVR_over_dFees_summary.csv
8,volatility_cex,Volatility (CEX),active,Active LPs,5541117,928.5211625975644,2155633.758172287,0.694295012490851,-2.459528954758365,-0.1577671287587283,1.546141164869996,4.052139718425181,/mnt/external/scenarios/model2_vol_cex/lvr_vs_blocksize/volatility_cex_flow_model2_vol_cex_runs50_B2to16_seed10_step1_2/dLVR_over_dFees_summary.csv
8,volatility_cex,Volatility (CEX),passive,Passive LPs,5543343,0.6834157966798613,13.181493191835566,0.6679476481691243,-2.5248051718796063,-0.1748460803293811,1.5107936410316696,3.9264486576719206,/mnt/external/scenarios/model2_vol_cex/lvr_vs_blocksize/volatility_cex_flow_model2_vol_cex_runs50_B2to16_seed10_step1_2/dLVR_over_dFees_summary.csv
8,volatility_cex,Volatility (CEX),jiter,Jiter,1467527,0.0365501482593877,1.59427929154434,0.151382541365197,-3.067723430532291,-0.984755283637058,1.037129784387556,2.9164375097514497,/mnt/external/scenarios/model2_vol_cex/lvr_vs_blocksize/volatility_cex_flow_model2_vol_cex_runs50_B2to16_seed10_step1_2/dLVR_over_dFees_summary.csv
8,volatility_dex,Volatility (DEX),active,Active LPs,5526516,484697.7478611761,1139423725.7644491,0.6689430221826401,-2.9588282151892877,-0.2368121022003207,1.788419763264379,5.840726336780083,/mnt/external/scenarios/model2_vol_dex/lvr_vs_blocksize/volatility_dex_flow_model2_vol_dex_runs50_B2to16_seed10_step1_2/dLVR_over_dFees_summary.csv
8,volatility_dex,Volatility (DEX),passive,Passive LPs,5541637,0.8087780607902697,6.514204925444592,0.6407486798311162,-3.0956319494638365,-0.2530504709278338,1.7156208641138333,5.556988247779987,/mnt/external/scenarios/model2_vol_dex/lvr_vs_blocksize/volatility_dex_flow_model2_vol_dex_runs50_B2to16_seed10_step1_2/dLVR_over_dFees_summary.csv
8,volatility_dex,Volatility (DEX),jiter,Jiter,1577408,-0.0226618386171908,1.69469642760186,0.0508981308792837,-3.3802273809703363,-0.980415344675328,0.968629991260205,3.065346816442322,/mnt/external/scenarios/model2_vol_dex/lvr_vs_blocksize/volatility_dex_flow_model2_vol_dex_runs50_B2to16_seed10_step1_2/dLVR_over_dFees_summary.csv
9,static,Static,active,Active LPs,25128182,11.16717100761372,15964.101290971996,1.4870532165123804,-25.81308643927602,-3.371844740956654,7.93962797483812,33.66518048576582,/mnt/external/scenarios/model2_static/lvr_vs_blocksize/static_flow_model2_static_runs50_B2to16_seed10_step1_6/dLVR_over_dFees_summary.csv
9,static,Static,passive,Passive LPs,25113880,2.357836052809412,176.63356365682876,1.4030485864123126,-37.30624865260292,-3.7639019070483424,8.083841381807922,44.823855648360905,/mnt/external/scenarios/model2_static/lvr_vs_blocksize/static_flow_model2_static_runs50_B2to16_seed10_step1_6/dLVR_over_dFees_summary.csv
9,static,Static,jiter,Jiter,9151,-15.832778141791009,15.997143912788772,-11.65172579636989,-56.36369887957314,-20.146778035018883,-6.440108865705302,-0.2377741424069205,/mnt/external/scenarios/model2_static/lvr_vs_blocksize/static_flow_model2_static_runs50_B2to16_seed10_step1_6/dLVR_over_dFees_summary.csv
9,toxicity,Toxicity,active,Active LPs,5648078,114418.56310410069,271951801.0659895,0.7018459282401033,-1.9859884338976428,-0.1090271418675065,1.2065458493575687,3.0245436738632963,/mnt/external/scenarios/model2_tox/lvr_vs_blocksize/toxicity_flow_model2_tox_runs50_B2to16_seed10_step1_2/dLVR_over_dFees_summary.csv
9,toxicity,Toxicity,passive,Passive LPs,5654988,0.5258154220728346,4.731153350391564,0.6806224814753496,-2.0883497677945457,-0.1285751634651837,1.1874309495067654,2.8557388244571986,/mnt/external/scenarios/model2_tox/lvr_vs_blocksize/toxicity_flow_model2_tox_runs50_B2to16_seed10_step1_2/dLVR_over_dFees_summary.csv
9,toxicity,Toxicity,jiter,Jiter,1950950,0.1522684968920441,1.2209462547573149,0.5446070899710893,-1.97821524929842,-0.9151875675444332,1.047758439064313,2.0175820027904297,/mnt/external/scenarios/model2_tox/lvr_vs_blocksize/toxicity_flow_model2_tox_runs50_B2to16_seed10_step1_2/dLVR_over_dFees_summary.csv
9,volatility_cex,Volatility (CEX),active,Active LPs,5671399,114.09788912035822,264817.88046342594,0.6446691473026466,-2.412562223670464,-0.1677374207253436,1.510012321944972,4.004288088183327,/mnt/external/scenarios/model2_vol_cex/lvr_vs_blocksize/volatility_cex_flow_model2_vol_cex_runs50_B2to16_seed10_step1_2/dLVR_over_dFees_summary.csv
9,volatility_cex,Volatility (CEX),passive,Passive LPs,5672783,0.6546952058770029,9.858684787181302,0.6187593196051396,-2.500285192988146,-0.1873259780982848,1.4769893964638716,3.9025826663183385,/mnt/external/scenarios/model2_vol_cex/lvr_vs_blocksize/volatility_cex_flow_model2_vol_cex_runs50_B2to16_seed10_step1_2/dLVR_over_dFees_summary.csv
9,volatility_cex,Volatility (CEX),jiter,Jiter,1734712,0.0522855782224505,1.589616926351717,0.1569578150660162,-3.039030092736349,-0.964729790321919,1.0458743905415675,2.9454236815908743,/mnt/external/scenarios/model2_vol_cex/lvr_vs_blocksize/volatility_cex_flow_model2_vol_cex_runs50_B2to16_seed10_step1_2/dLVR_over_dFees_summary.csv
9,volatility_dex,Volatility (DEX),active,Active LPs,5656086,183.91844387691955,426799.8869864454,0.616238728716326,-2.8679992938266743,-0.2397480220363255,1.727546449475527,5.665470835743399,/mnt/external/scenarios/model2_vol_dex/lvr_vs_blocksize/volatility_dex_flow_model2_vol_dex_runs50_B2to16_seed10_step1_2/dLVR_over_dFees_summary.csv
9,volatility_dex,Volatility (DEX),passive,Passive LPs,5670926,0.7958461282965671,27.10965380181725,0.5895393438336873,-3.024799498145673,-0.2573099123379832,1.6567523240825994,5.43153058828359,/mnt/external/scenarios/model2_vol_dex/lvr_vs_blocksize/volatility_dex_flow_model2_vol_dex_runs50_B2to16_seed10_step1_2/dLVR_over_dFees_summary.csv
9,volatility_dex,Volatility (DEX),jiter,Jiter,1852022,-0.0008387429624236,1.6851886330053147,0.0656742058430056,-3.3395773635909465,-0.9619074671258876,0.9794417874186075,3.1183222659809218,/mnt/external/scenarios/model2_vol_dex/lvr_vs_blocksize/volatility_dex_flow_model2_vol_dex_runs50_B2to16_seed10_step1_2/dLVR_over_dFees_summary.csv
10,static,Static,active,Active LPs,25335444,22.734763229745763,43957.95030576368,1.3876560367145472,-27.72870730884822,-3.7767046605458336,8.303662850772893,35.945600240582614,/mnt/external/scenarios/model2_static/lvr_vs_blocksize/static_flow_model2_static_runs50_B2to16_seed10_step1_6/dLVR_over_dFees_summary.csv
10,static,Static,passive,Passive LPs,25314716,2.538650287483593,114.05419391396453,1.302518767247575,-40.55327735709654,-4.274047555962328,8.55691559201194,49.47406015428301,/mnt/external/scenarios/model2_static/lvr_vs_blocksize/static_flow_model2_static_runs50_B2to16_seed10_step1_6/dLVR_over_dFees_summary.csv
10,static,Static,jiter,Jiter,11045,-16.944182887712945,15.7135108687324,-12.572597249295914,-60.39292807217264,-22.050370172434917,-6.73046990160855,-0.2964744491173352,/mnt/external/scenarios/model2_static/lvr_vs_blocksize/static_flow_model2_static_runs50_B2to16_seed10_step1_6/dLVR_over_dFees_summary.csv
10,toxicity,Toxicity,active,Active LPs,5762708,214126.55858731992,514050813.3937436,0.6701788290903179,-1.954035372874662,-0.1143698246327123,1.193225620210003,3.0220802348090308,/mnt/external/scenarios/model2_tox/lvr_vs_blocksize/toxicity_flow_model2_tox_runs50_B2to16_seed10_step1_2/dLVR_over_dFees_summary.csv
10,toxicity,Toxicity,passive,Passive LPs,5768316,0.5198571356139198,6.751986427023558,0.6499745790906362,-2.076192098939314,-0.1362533019506883,1.1763545415815382,2.886622244621417,/mnt/external/scenarios/model2_tox/lvr_vs_blocksize/toxicity_flow_model2_tox_runs50_B2to16_seed10_step1_2/dLVR_over_dFees_summary.csv
10,toxicity,Toxicity,jiter,Jiter,2153438,0.1554625634291727,1.2244528513752544,0.5349872582523446,-1.988978246467155,-0.9064816975834664,1.0486180369918163,2.0437751843579366,/mnt/external/scenarios/model2_tox/lvr_vs_blocksize/toxicity_flow_model2_tox_runs50_B2to16_seed10_step1_2/dLVR_over_dFees_summary.csv
10,volatility_cex,Volatility (CEX),active,Active LPs,5781259,4.148191867511498,3321.379070565881,0.6052577574230524,-2.36468032180733,-0.1704901477523111,1.478533287847532,3.949103776101236,/mnt/external/scenarios/model2_vol_cex/lvr_vs_blocksize/volatility_cex_flow_model2_vol_cex_runs50_B2to16_seed10_step1_2/dLVR_over_dFees_summary.csv
10,volatility_cex,Volatility (CEX),passive,Passive LPs,5781392,0.6465262113706016,8.944590785608426,0.5808548735345969,-2.4702157116362886,-0.1907917662666413,1.4494091356865515,3.8899951417543086,/mnt/external/scenarios/model2_vol_cex/lvr_vs_blocksize/volatility_cex_flow_model2_vol_cex_runs50_B2to16_seed10_step1_2/dLVR_over_dFees_summary.csv
10,volatility_cex,Volatility (CEX),jiter,Jiter,1980995,0.0687211547925597,1.5844023688981084,0.1673765589812423,-2.9999185492958347,-0.9454660193521024,1.0560249150847882,2.9686930313060422,/mnt/external/scenarios/model2_vol_cex/lvr_vs_blocksize/volatility_cex_flow_model2_vol_cex_runs50_B2to16_seed10_step1_2/dLVR_over_dFees_summary.csv
10,volatility_dex,Volatility (DEX),active,Active LPs,5764984,4.657755890809872,3366.025472962924,0.5742030332204998,-2.780685462072295,-0.2366603824273038,1.6787796244504865,5.555206896708702,/mnt/external/scenarios/model2_vol_dex/lvr_vs_blocksize/volatility_dex_flow_model2_vol_dex_runs50_B2to16_seed10_step1_2/dLVR_over_dFees_summary.csv
10,volatility_dex,Volatility (DEX),passive,Passive LPs,5779053,0.7608713300725224,9.60820083246996,0.548788846142074,-2.96442470374304,-0.2555243828936156,1.6127952754971648,5.360015959989217,/mnt/external/scenarios/model2_vol_dex/lvr_vs_blocksize/volatility_dex_flow_model2_vol_dex_runs50_B2to16_seed10_step1_2/dLVR_over_dFees_summary.csv
10,volatility_dex,Volatility (DEX),jiter,Jiter,2095889,0.0144570734085869,1.6907375685185666,0.0753669176002663,-3.326075820573419,-0.9456665116838426,0.9870720378654988,3.1488169059179567,/mnt/external/scenarios/model2_vol_dex/lvr_vs_blocksize/volatility_dex_flow_model2_vol_dex_runs50_B2to16_seed10_step1_2/dLVR_over_dFees_summary.csv
11,static,Static,active,Active LPs,25480569,-288.46159024257923,1927942.7991051425,1.3041358922988746,-29.25749083206364,-4.119950331072845,8.620633377991766,37.84860825917024,/mnt/external/scenarios/model2_static/lvr_vs_blocksize/static_flow_model2_static_runs50_B2to16_seed10_step1_6/dLVR_over_dFees_summary.csv
11,static,Static,passive,Passive LPs,25454271,2.313234640496838,1133.5898583669068,1.2224048587404297,-43.04497194992459,-4.723316784873586,8.98824047729466,53.311765551032565,/mnt/external/scenarios/model2_static/lvr_vs_blocksize/static_flow_model2_static_runs50_B2to16_seed10_step1_6/dLVR_over_dFees_summary.csv
11,static,Static,jiter,Jiter,13312,-17.750176760205022,16.462235271634633,-13.358881684318549,-62.01892781113848,-23.16285362503515,-7.165337126131853,-0.2474536784733527,/mnt/external/scenarios/model2_static/lvr_vs_blocksize/static_flow_model2_static_runs50_B2to16_seed10_step1_6/dLVR_over_dFees_summary.csv
11,toxicity,Toxicity,active,Active LPs,5858635,115871.71418240231,280488184.58027023,0.6421543393154344,-1.926305654597003,-0.1188349437329665,1.180659554608273,3.0082473104609755,/mnt/external/scenarios/model2_tox/lvr_vs_blocksize/toxicity_flow_model2_tox_runs50_B2to16_seed10_step1_2/dLVR_over_dFees_summary.csv
11,toxicity,Toxicity,passive,Passive LPs,5862808,0.5127812436263555,9.246305252251425,0.621851619110539,-2.071822045468328,-0.1427123067489231,1.1674455927662863,2.9091322682847944,/mnt/external/scenarios/model2_tox/lvr_vs_blocksize/toxicity_flow_model2_tox_runs50_B2to16_seed10_step1_2/dLVR_over_dFees_summary.csv
11,toxicity,Toxicity,jiter,Jiter,2311055,0.1587075495591123,1.222024689630523,0.5253173894776723,-1.98414613589736,-0.8968688064429335,1.0491930297471952,2.0624693628850985,/mnt/external/scenarios/model2_tox/lvr_vs_blocksize/toxicity_flow_model2_tox_runs50_B2to16_seed10_step1_2/dLVR_over_dFees_summary.csv
11,volatility_cex,Volatility (CEX),active,Active LPs,5874365,71204.8194982687,172574734.589244,0.5745262932417836,-2.3179484801340147,-0.1695211877605074,1.4526148241504635,3.913363731536626,/mnt/external/scenarios/model2_vol_cex/lvr_vs_blocksize/volatility_cex_flow_model2_vol_cex_runs50_B2to16_seed10_step1_2/dLVR_over_dFees_summary.csv
11,volatility_cex,Volatility (CEX),passive,Passive LPs,5873666,0.6483134176456701,16.48710660414452,0.5511601339607108,-2.4342072980653127,-0.1905768880146869,1.4270201915528171,3.8866968967833366,/mnt/external/scenarios/model2_vol_cex/lvr_vs_blocksize/volatility_cex_flow_model2_vol_cex_runs50_B2to16_seed10_step1_2/dLVR_over_dFees_summary.csv
11,volatility_cex,Volatility (CEX),jiter,Jiter,2199667,0.0793982062833714,1.5772779595879507,0.1711787264417358,-2.9777265757938696,-0.9302651322188148,1.0626807113239876,2.979174259131657,/mnt/external/scenarios/model2_vol_cex/lvr_vs_blocksize/volatility_cex_flow_model2_vol_cex_runs50_B2to16_seed10_step1_2/dLVR_over_dFees_summary.csv
11,volatility_dex,Volatility (DEX),active,Active LPs,5858345,2.280143841442089,1156.5613139928005,0.5389775699645157,-2.705998594429054,-0.2317755746269608,1.631880102045704,5.431134255345946,/mnt/external/scenarios/model2_vol_dex/lvr_vs_blocksize/volatility_dex_flow_model2_vol_dex_runs50_B2to16_seed10_step1_2/dLVR_over_dFees_summary.csv
11,volatility_dex,Volatility (DEX),passive,Passive LPs,5872100,0.7414440194106483,7.174093493711484,0.514442446328464,-2.902098135722368,-0.2517014103383906,1.5703592614667876,5.285591303386312,/mnt/external/scenarios/model2_vol_dex/lvr_vs_blocksize/volatility_dex_flow_model2_vol_dex_runs50_B2to16_seed10_step1_2/dLVR_over_dFees_summary.csv
11,volatility_dex,Volatility (DEX),jiter,Jiter,2338332,0.031018499598081,1.6808650683760613,0.086880268616081,-3.2901812713968988,-0.9306749719232555,0.9961443362063336,3.1778551300169458,/mnt/external/scenarios/model2_vol_dex/lvr_vs_blocksize/volatility_dex_flow_model2_vol_dex_runs50_B2to16_seed10_step1_2/dLVR_over_dFees_summary.csv
12,static,Static,active,Active LPs,25589686,48.99942183832966,108808.75480171278,1.2163856636199015,-30.985904516522197,-4.50100670284816,8.929430613323252,39.88754338597306,/mnt/external/scenarios/model2_static/lvr_vs_blocksize/static_flow_model2_static_runs50_B2to16_seed10_step1_6/dLVR_over_dFees_summary.csv
12,static,Static,passive,Passive LPs,25558098,2.743727006854294,203.89728097308432,1.1339039128948194,-45.67142259965021,-5.236522442707472,9.437019500394344,57.37032621040341,/mnt/external/scenarios/model2_static/lvr_vs_blocksize/static_flow_model2_static_runs50_B2to16_seed10_step1_6/dLVR_over_dFees_summary.csv
12,static,Static,jiter,Jiter,15349,-18.87858397842179,17.57118232656216,-14.108329820180083,-65.89705012737699,-24.833359846249948,-7.490636909616978,-0.222501436687122,/mnt/external/scenarios/model2_static/lvr_vs_blocksize/static_flow_model2_static_runs50_B2to16_seed10_step1_6/dLVR_over_dFees_summary.csv
12,toxicity,Toxicity,active,Active LPs,5939270,235663.2623883353,574221104.4908004,0.6235076166128899,-1.890933206334504,-0.1157593008902666,1.171682942817148,3.006078616072757,/mnt/external/scenarios/model2_tox/lvr_vs_blocksize/toxicity_flow_model2_tox_runs50_B2to16_seed10_step1_2/dLVR_over_dFees_summary.csv
12,toxicity,Toxicity,passive,Passive LPs,5941573,0.5206791749487706,6.6406261876956805,0.6044755417585744,-2.0486010043393987,-0.1402731887523628,1.1621241523328658,2.947682087249285,/mnt/external/scenarios/model2_tox/lvr_vs_blocksize/toxicity_flow_model2_tox_runs50_B2to16_seed10_step1_2/dLVR_over_dFees_summary.csv
12,toxicity,Toxicity,jiter,Jiter,2455807,0.1631299239050245,1.223313404317499,0.5207492207741844,-1.984759252372441,-0.8886551095751143,1.050893054447542,2.0822322928519967,/mnt/external/scenarios/model2_tox/lvr_vs_blocksize/toxicity_flow_model2_tox_runs50_B2to16_seed10_step1_2/dLVR_over_dFees_summary.csv
12,volatility_cex,Volatility (CEX),active,Active LPs,5950014,6422.534873373883,15589499.375932956,0.546846825033247,-2.268510164295684,-0.167630990855225,1.4275220624556637,3.872612145997591,/mnt/external/scenarios/model2_vol_cex/lvr_vs_blocksize/volatility_cex_flow_model2_vol_cex_runs50_B2to16_seed10_step1_2/dLVR_over_dFees_summary.csv
12,volatility_cex,Volatility (CEX),passive,Passive LPs,5948891,0.6424609808751999,11.553534568670043,0.5242114453265033,-2.4058987700162597,-0.1901718118620342,1.406948629081418,3.890332370866889,/mnt/external/scenarios/model2_vol_cex/lvr_vs_blocksize/volatility_cex_flow_model2_vol_cex_runs50_B2to16_seed10_step1_2/dLVR_over_dFees_summary.csv
12,volatility_cex,Volatility (CEX),jiter,Jiter,2407641,0.0908259473854828,1.572623844710176,0.1789871407457003,-2.957194530371328,-0.9153596202198412,1.0717120523489558,2.9899484143659167,/mnt/external/scenarios/model2_vol_cex/lvr_vs_blocksize/volatility_cex_flow_model2_vol_cex_runs50_B2to16_seed10_step1_2/dLVR_over_dFees_summary.csv
12,volatility_dex,Volatility (DEX),active,Active LPs,5934229,37044.81613484558,90214330.7211783,0.5090687456211278,-2.6341849976712104,-0.2282747067999022,1.5939278150857086,5.355205596384395,/mnt/external/scenarios/model2_vol_dex/lvr_vs_blocksize/volatility_dex_flow_model2_vol_dex_runs50_B2to16_seed10_step1_2/dLVR_over_dFees_summary.csv
12,volatility_dex,Volatility (DEX),passive,Passive LPs,5947595,0.7514083575676082,27.43726959358437,0.4859568409868159,-2.8520655651158653,-0.2493568417365838,1.537717896229585,5.24842719649478,/mnt/external/scenarios/model2_vol_dex/lvr_vs_blocksize/volatility_dex_flow_model2_vol_dex_runs50_B2to16_seed10_step1_2/dLVR_over_dFees_summary.csv
12,volatility_dex,Volatility (DEX),jiter,Jiter,2549690,0.0435337830474153,1.679380509523044,0.097674730638268,-3.2768685718954385,-0.91642230567371,1.003308256787271,3.20790417823402,/mnt/external/scenarios/model2_vol_dex/lvr_vs_blocksize/volatility_dex_flow_model2_vol_dex_runs50_B2to16_seed10_step1_2/dLVR_over_dFees_summary.csv
13,static,Static,active,Active LPs,25670016,180.36551160874075,582703.712774561,1.1359390661660291,-32.62830673829575,-4.900291749314372,9.246755617334587,41.92671792391949,/mnt/external/scenarios/model2_static/lvr_vs_blocksize/static_flow_model2_static_runs50_B2to16_seed10_step1_6/dLVR_over_dFees_summary.csv
13,static,Static,passive,Passive LPs,25635794,2.1218266152676435,3881.8636203172982,1.0519899812497613,-48.002414874015976,-5.783690616006748,9.9080126151566,61.21265231350863,/mnt/external/scenarios/model2_static/lvr_vs_blocksize/static_flow_model2_static_runs50_B2to16_seed10_step1_6/dLVR_over_dFees_summary.csv
13,static,Static,jiter,Jiter,17202,-19.832420523091603,18.3922705907097,-14.935152172060688,-69.36038403190433,-26.06450485072608,-7.765502467492212,-0.2653391401401405,/mnt/external/scenarios/model2_static/lvr_vs_blocksize/static_flow_model2_static_runs50_B2to16_seed10_step1_6/dLVR_over_dFees_summary.csv
13,toxicity,Toxicity,active,Active LPs,6005294,1093.6589667681226,2656371.927708708,0.6017969236609839,-1.8579786136633345,-0.1152818000195758,1.1607351163959512,2.994455169978824,/mnt/external/scenarios/model2_tox/lvr_vs_blocksize/toxicity_flow_model2_tox_runs50_B2to16_seed10_step1_2/dLVR_over_dFees_summary.csv
13,toxicity,Toxicity,passive,Passive LPs,6006628,0.5264317268526947,10.101363920226683,0.5845698982080255,-2.03095792834895,-0.1407665275915928,1.1553282435733825,2.977813257625618,/mnt/external/scenarios/model2_tox/lvr_vs_blocksize/toxicity_flow_model2_tox_runs50_B2to16_seed10_step1_2/dLVR_over_dFees_summary.csv
13,toxicity,Toxicity,jiter,Jiter,2593280,0.1656966957832086,1.2257871252344947,0.5146676869561176,-1.9892024143089917,-0.8823699068065514,1.0518334483256495,2.0997324298011533,/mnt/external/scenarios/model2_tox/lvr_vs_blocksize/toxicity_flow_model2_tox_runs50_B2to16_seed10_step1_2/dLVR_over_dFees_summary.csv
13,volatility_cex,Volatility (CEX),active,Active LPs,6015488,79990.13439992027,196175739.1223161,0.5258697713812497,-2.2242434946493064,-0.1627461525040759,1.4089735608415166,3.840914186544767,/mnt/external/scenarios/model2_vol_cex/lvr_vs_blocksize/volatility_cex_flow_model2_vol_cex_runs50_B2to16_seed10_step1_2/dLVR_over_dFees_summary.csv
13,volatility_cex,Volatility (CEX),passive,Passive LPs,6013950,0.6585083431605994,16.316219928159807,0.5053713384797762,-2.368756135372126,-0.1848883252343339,1.3931935280108425,3.900274923534945,/mnt/external/scenarios/model2_vol_cex/lvr_vs_blocksize/volatility_cex_flow_model2_vol_cex_runs50_B2to16_seed10_step1_2/dLVR_over_dFees_summary.csv
13,volatility_cex,Volatility (CEX),jiter,Jiter,2590054,0.0996611112035681,1.5656475312374487,0.1832174805190241,-2.944989734369423,-0.9013707651692268,1.0764896070091428,2.993107973168759,/mnt/external/scenarios/model2_vol_cex/lvr_vs_blocksize/volatility_cex_flow_model2_vol_cex_runs50_B2to16_seed10_step1_2/dLVR_over_dFees_summary.csv
13,volatility_dex,Volatility (DEX),active,Active LPs,5998072,266614.6909741258,645393362.8838197,0.4806382584155832,-2.5622838115350857,-0.2223253327886096,1.5505806241392317,5.24633502985574,/mnt/external/scenarios/model2_vol_dex/lvr_vs_blocksize/volatility_dex_flow_model2_vol_dex_runs50_B2to16_seed10_step1_2/dLVR_over_dFees_summary.csv
13,volatility_dex,Volatility (DEX),passive,Passive LPs,6011936,0.7608709112323356,73.79352415964975,0.4578194318695252,-2.799272100350139,-0.2444292409150013,1.4974126779815842,5.180481452147666,/mnt/external/scenarios/model2_vol_dex/lvr_vs_blocksize/volatility_dex_flow_model2_vol_dex_runs50_B2to16_seed10_step1_2/dLVR_over_dFees_summary.csv
13,volatility_dex,Volatility (DEX),jiter,Jiter,2793060,0.0528607841491586,1.673288125152688,0.1029344745972114,-3.259333542900454,-0.9074338270123856,1.0077070692366914,3.2147688047069813,/mnt/external/scenarios/model2_vol_dex/lvr_vs_blocksize/volatility_dex_flow_model2_vol_dex_runs50_B2to16_seed10_step1_2/dLVR_over_dFees_summary.csv
14,static,Static,active,Active LPs,25728510,17.62982638097703,26113.337284005665,1.0608704909546565,-34.07924478062055,-5.262065239610479,9.528352727280588,43.7243760555597,/mnt/external/scenarios/model2_static/lvr_vs_blocksize/static_flow_model2_static_runs50_B2to16_seed10_step1_6/dLVR_over_dFees_summary.csv
14,static,Static,passive,Passive LPs,25691193,3.111804123028433,277.5147350619673,0.9760786954956064,-50.11504885091228,-6.299150611786279,10.356290816892962,64.74401244805333,/mnt/external/scenarios/model2_static/lvr_vs_blocksize/static_flow_model2_static_runs50_B2to16_seed10_step1_6/dLVR_over_dFees_summary.csv
14,static,Static,jiter,Jiter,19524,-20.55658804371487,18.964881855739424,-15.429634495796112,-71.69295610393837,-27.02376590826146,-8.209432655655432,-0.2554471149701946,/mnt/external/scenarios/model2_static/lvr_vs_blocksize/static_flow_model2_static_runs50_B2to16_seed10_step1_6/dLVR_over_dFees_summary.csv
14,toxicity,Toxicity,active,Active LPs,6060987,19224.621175681244,47319131.760846525,0.583943625813556,-1.826276653359404,-0.113698963717592,1.152354105107259,2.9800459537877217,/mnt/external/scenarios/model2_tox/lvr_vs_blocksize/toxicity_flow_model2_tox_runs50_B2to16_seed10_step1_2/dLVR_over_dFees_summary.csv
14,toxicity,Toxicity,passive,Passive LPs,6061718,0.5337220669803036,33.57888532994527,0.5686327749341282,-2.009179461793446,-0.1389641346869882,1.151145469048945,3.0024980880016297,/mnt/external/scenarios/model2_tox/lvr_vs_blocksize/toxicity_flow_model2_tox_runs50_B2to16_seed10_step1_2/dLVR_over_dFees_summary.csv
14,toxicity,Toxicity,jiter,Jiter,2726746,0.165745660157669,1.2248084062562716,0.5035914114015164,-1.9932714387704755,-0.8778559231933134,1.051849614691036,2.113800487441576,/mnt/external/scenarios/model2_tox/lvr_vs_blocksize/toxicity_flow_model2_tox_runs50_B2to16_seed10_step1_2/dLVR_over_dFees_summary.csv
14,volatility_cex,Volatility (CEX),active,Active LPs,6068210,12201.498834061362,26822397.16523842,0.5049614696193212,-2.1836623898142,-0.16023840718927,1.3880468380629805,3.816570555034252,/mnt/external/scenarios/model2_vol_cex/lvr_vs_blocksize/volatility_cex_flow_model2_vol_cex_runs50_B2to16_seed10_step1_2/dLVR_over_dFees_summary.csv
14,volatility_cex,Volatility (CEX),passive,Passive LPs,6066003,0.6582951619817108,17.495131178446155,0.4852987585893225,-2.339878463305293,-0.1831718864584691,1.3766453894167967,3.905554114923138,/mnt/external/scenarios/model2_vol_cex/lvr_vs_blocksize/volatility_cex_flow_model2_vol_cex_runs50_B2to16_seed10_step1_2/dLVR_over_dFees_summary.csv
14,volatility_cex,Volatility (CEX),jiter,Jiter,2771765,0.1081839179478595,1.562447939552912,0.185407183987403,-2.913731633821336,-0.8898736631730031,1.0810562318732309,3.005190443063315,/mnt/external/scenarios/model2_vol_cex/lvr_vs_blocksize/volatility_cex_flow_model2_vol_cex_runs50_B2to16_seed10_step1_2/dLVR_over_dFees_summary.csv
14,volatility_dex,Volatility (DEX),active,Active LPs,6052063,198945.71915369932,489417214.0206049,0.4594215748685704,-2.513171969148872,-0.2158559067413877,1.5225782091213031,5.183870698159262,/mnt/external/scenarios/model2_vol_dex/lvr_vs_blocksize/volatility_dex_flow_model2_vol_dex_runs50_B2to16_seed10_step1_2/dLVR_over_dFees_summary.csv
14,volatility_dex,Volatility (DEX),passive,Passive LPs,6065206,0.7352954855245407,44.6007361041456,0.4382867235438191,-2.759039259901257,-0.2385671026726964,1.4747203737172767,5.16394081168874,/mnt/external/scenarios/model2_vol_dex/lvr_vs_blocksize/volatility_dex_flow_model2_vol_dex_runs50_B2to16_seed10_step1_2/dLVR_over_dFees_summary.csv
14,volatility_dex,Volatility (DEX),jiter,Jiter,2974166,0.0619566321214216,1.674344758035404,0.1073781700786785,-3.248983844306806,-0.896235886324056,1.012568038662799,3.2392460828179743,/mnt/external/scenarios/model2_vol_dex/lvr_vs_blocksize/volatility_dex_flow_model2_vol_dex_runs50_B2to16_seed10_step1_2/dLVR_over_dFees_summary.csv
15,static,Static,active,Active LPs,25771298,29.64475771457346,82848.58492973735,0.9937925117989396,-35.3639731624708,-5.603612139624782,9.78238561525212,45.437400857358,/mnt/external/scenarios/model2_static/lvr_vs_blocksize/static_flow_model2_static_runs50_B2to16_seed10_step1_6/dLVR_over_dFees_summary.csv
15,static,Static,passive,Passive LPs,25733755,3.2846916421687014,285.185979761954,0.9060298289717524,-51.81932872430122,-6.795196717153719,10.776926940843902,67.9319509951053,/mnt/external/scenarios/model2_static/lvr_vs_blocksize/static_flow_model2_static_runs50_B2to16_seed10_step1_6/dLVR_over_dFees_summary.csv
15,static,Static,jiter,Jiter,21379,-21.63522820034014,20.15287122161881,-16.274725962214944,-73.63144189395493,-28.430933777795467,-8.61442499975602,-0.4536883106098224,/mnt/external/scenarios/model2_static/lvr_vs_blocksize/static_flow_model2_static_runs50_B2to16_seed10_step1_6/dLVR_over_dFees_summary.csv
15,toxicity,Toxicity,active,Active LPs,6108826,-14.348385104920332,43141.19141258603,0.5697232239689851,-1.792241419162168,-0.1092239559083726,1.1451045148472192,2.975688254674696,/mnt/external/scenarios/model2_tox/lvr_vs_blocksize/toxicity_flow_model2_tox_runs50_B2to16_seed10_step1_2/dLVR_over_dFees_summary.csv
15,toxicity,Toxicity,passive,Passive LPs,6109094,0.5604703359977934,17.667314843575234,0.5550998157651478,-1.9866264442224624,-0.1358300130010391,1.1477920228356318,3.0343901657982872,/mnt/external/scenarios/model2_tox/lvr_vs_blocksize/toxicity_flow_model2_tox_runs50_B2to16_seed10_step1_2/dLVR_over_dFees_summary.csv
15,toxicity,Toxicity,jiter,Jiter,2823409,0.1695118381361833,1.22641733260356,0.4990458677987094,-1.99182463567168,-0.8710202244443632,1.05319351732205,2.124336576256338,/mnt/external/scenarios/model2_tox/lvr_vs_blocksize/toxicity_flow_model2_tox_runs50_B2to16_seed10_step1_2/dLVR_over_dFees_summary.csv
15,volatility_cex,Volatility (CEX),active,Active LPs,6112702,168926.26438812874,417636732.1196402,0.4824473933016133,-2.146124766392203,-0.1586055612022707,1.3658010452653782,3.7896420529366126,/mnt/external/scenarios/model2_vol_cex/lvr_vs_blocksize/volatility_cex_flow_model2_vol_cex_runs50_B2to16_seed10_step1_2/dLVR_over_dFees_summary.csv
15,volatility_cex,Volatility (CEX),passive,Passive LPs,6111554,0.6461700170365304,17.041009487047717,0.4630262273114567,-2.318395526398116,-0.1833611470134652,1.3567873473134875,3.908898021979167,/mnt/external/scenarios/model2_vol_cex/lvr_vs_blocksize/volatility_cex_flow_model2_vol_cex_runs50_B2to16_seed10_step1_2/dLVR_over_dFees_summary.csv
15,volatility_cex,Volatility (CEX),jiter,Jiter,2979868,0.1134688984733021,1.5598406501080306,0.186833163973124,-2.907704806802315,-0.8821421582922833,1.085528741128688,3.0127886540958158,/mnt/external/scenarios/model2_vol_cex/lvr_vs_blocksize/volatility_cex_flow_model2_vol_cex_runs50_B2to16_seed10_step1_2/dLVR_over_dFees_summary.csv
15,volatility_dex,Volatility (DEX),active,Active LPs,6098443,11.965256558805663,17081.21761327228,0.4397811770946572,-2.4544293133532054,-0.2104461280076749,1.4926241524456565,5.116326883664629,/mnt/external/scenarios/model2_vol_dex/lvr_vs_blocksize/volatility_dex_flow_model2_vol_dex_runs50_B2to16_seed10_step1_2/dLVR_over_dFees_summary.csv
15,volatility_dex,Volatility (DEX),passive,Passive LPs,6111335,0.7357462860205328,18.017288843748407,0.4194312180450552,-2.71464442420686,-0.2340132688624122,1.4497466218855375,5.138448543117713,/mnt/external/scenarios/model2_vol_dex/lvr_vs_blocksize/volatility_dex_flow_model2_vol_dex_runs50_B2to16_seed10_step1_2/dLVR_over_dFees_summary.csv
15,volatility_dex,Volatility (DEX),jiter,Jiter,3143981,0.0712967850065812,1.6702981492139424,0.1145462421601421,-3.225114407696333,-0.8852091505860937,1.0184739665716247,3.255824441021064,/mnt/external/scenarios/model2_vol_dex/lvr_vs_blocksize/volatility_dex_flow_model2_vol_dex_runs50_B2to16_seed10_step1_2/dLVR_over_dFees_summary.csv
16,static,Static,active,Active LPs,25803583,3.688235345608303,81025.72356507565,0.92856107497883,-36.62798817582657,-5.947015250630687,10.029072092818469,47.100215652672055,/mnt/external/scenarios/model2_static/lvr_vs_blocksize/static_flow_model2_static_runs50_B2to16_seed10_step1_6/dLVR_over_dFees_summary.csv
16,static,Static,passive,Passive LPs,25765992,3.359345434934303,274.4321470728647,0.8416660400107294,-53.45114636936619,-7.307739627760266,11.204809781264323,71.13169008832598,/mnt/external/scenarios/model2_static/lvr_vs_blocksize/static_flow_model2_static_runs50_B2to16_seed10_step1_6/dLVR_over_dFees_summary.csv
16,static,Static,jiter,Jiter,22940,-22.79493591040553,21.2822400241856,-17.13385214508915,-78.06792021164568,-29.88666545459456,-8.91655257992766,-0.3667139289399336,/mnt/external/scenarios/model2_static/lvr_vs_blocksize/static_flow_model2_static_runs50_B2to16_seed10_step1_6/dLVR_over_dFees_summary.csv
16,toxicity,Toxicity,active,Active LPs,6146660,-0.3757298403709703,4322.334639713375,0.5548538102294905,-1.7618841958687834,-0.107494270695457,1.1354351125112234,2.962366157622133,/mnt/external/scenarios/model2_tox/lvr_vs_blocksize/toxicity_flow_model2_tox_runs50_B2to16_seed10_step1_2/dLVR_over_dFees_summary.csv
16,toxicity,Toxicity,passive,Passive LPs,6146721,0.5550804035471345,46.60690959471415,0.5424003277800876,-1.96140620692968,-0.1339798216789606,1.142711183066796,3.0627346930206887,/mnt/external/scenarios/model2_tox/lvr_vs_blocksize/toxicity_flow_model2_tox_runs50_B2to16_seed10_step1_2/dLVR_over_dFees_summary.csv
16,toxicity,Toxicity,jiter,Jiter,2928155,0.1707416982045064,1.2280319616715676,0.4919653236611208,-1.9966518145811556,-0.8666094280814407,1.0530118259728072,2.143912724085425,/mnt/external/scenarios/model2_tox/lvr_vs_blocksize/toxicity_flow_model2_tox_runs50_B2to16_seed10_step1_2/dLVR_over_dFees_summary.csv
16,volatility_cex,Volatility (CEX),active,Active LPs,6150564,6.509705203603934,5387.00354191327,0.4672286923290575,-2.111640092994171,-0.154964434070526,1.3497102432066037,3.770058209218835,/mnt/external/scenarios/model2_vol_cex/lvr_vs_blocksize/volatility_cex_flow_model2_vol_cex_runs50_B2to16_seed10_step1_2/dLVR_over_dFees_summary.csv
16,volatility_cex,Volatility (CEX),passive,Passive LPs,6148770,0.6351629880179884,56.90627373378591,0.4489331891729582,-2.297460392707654,-0.1802587287028029,1.3460126669515446,3.929482347639679,/mnt/external/scenarios/model2_vol_cex/lvr_vs_blocksize/volatility_cex_flow_model2_vol_cex_runs50_B2to16_seed10_step1_2/dLVR_over_dFees_summary.csv
16,volatility_cex,Volatility (CEX),jiter,Jiter,3143679,0.1191061093242987,1.5548018090174194,0.1900030832291704,-2.8974030118208427,-0.8721080714453077,1.0887078022166272,3.015983394023376,/mnt/external/scenarios/model2_vol_cex/lvr_vs_blocksize/volatility_cex_flow_model2_vol_cex_runs50_B2to16_seed10_step1_2/dLVR_over_dFees_summary.csv
16,volatility_dex,Volatility (DEX),active,Active LPs,6134743,511637.1473216731,1267249453.1527004,0.4224304790462863,-2.402058642918385,-0.2040663548453324,1.4662400115880796,5.05186621651464,/mnt/external/scenarios/model2_vol_dex/lvr_vs_blocksize/volatility_dex_flow_model2_vol_dex_runs50_B2to16_seed10_step1_2/dLVR_over_dFees_summary.csv
16,volatility_dex,Volatility (DEX),passive,Passive LPs,6148061,0.7258672105464632,23.76162302100112,0.4026655459239,-2.6804790951437862,-0.2287605951017062,1.4263482385766697,5.115621664364043,/mnt/external/scenarios/model2_vol_dex/lvr_vs_blocksize/volatility_dex_flow_model2_vol_dex_runs50_B2to16_seed10_step1_2/dLVR_over_dFees_summary.csv
16,volatility_dex,Volatility (DEX),jiter,Jiter,3318195,0.0763001631678196,1.6682044813262935,0.1167234241194948,-3.224163546046707,-0.8787739601609694,1.0210779444231446,3.2692210996469124,/mnt/external/scenarios/model2_vol_dex/lvr_vs_blocksize/volatility_dex_flow_model2_vol_dex_runs50_B2to16_seed10_step1_2/dLVR_over_dFees_summary.csv
